individual_id,species,population,river,habitat,TL_mm,landmark,x,y
Cichl_Tap_01,Cichla_ocellaris,Tapajos,Tapajos,fast,507.64164017949474,1,-0.011,0.6102
Cichl_Tap_01,Cichla_ocellaris,Tapajos,Tapajos,fast,594.7593099659009,2,0.1199,0.4416
Cichl_Tap_01,Cichla_ocellaris,Tapajos,Tapajos,fast,428.0961067053905,3,0.1737,0.6487
Cichl_Tap_01,Cichla_ocellaris,Tapajos,Tapajos,fast,413.5158174891949,4,0.2162,0.6345
Cichl_Tap_01,Cichla_ocellaris,Tapajos,Tapajos,fast,600.0127846215948,5,0.3643,0.8429
Cichl_Tap_01,Cichla_ocellaris,Tapajos,Tapajos,fast,598.5025739701831,6,0.3362,0.2687
Cichl_Tap_01,Cichla_ocellaris,Tapajos,Tapajos,fast,454.6477419772458,7,0.5845,0.9266
Cichl_Tap_01,Cichla_ocellaris,Tapajos,Tapajos,fast,458.44511991152154,8,0.7022,0.083
Cichl_Tap_01,Cichla_ocellaris,Tapajos,Tapajos,fast,550.1767266120327,9,0.9296,0.6364
Cichl_Tap_01,Cichla_ocellaris,Tapajos,Tapajos,fast,502.81282342383093,10,0.9395,0.4319
Cichl_Tap_01,Cichla_ocellaris,Tapajos,Tapajos,fast,577.3981262400089,11,1.2486,0.7161
Cichl_Tap_01,Cichla_ocellaris,Tapajos,Tapajos,fast,477.6534020081138,12,1.2443,0.2742
Cichl_Tap_02,Cichla_ocellaris,Tapajos,Tapajos,fast,607.6953008601869,1,0.0009,0.5979
Cichl_Tap_02,Cichla_ocellaris,Tapajos,Tapajos,fast,613.5777674019103,2,0.1121,0.4426
Cichl_Tap_02,Cichla_ocellaris,Tapajos,Tapajos,fast,593.0684785740185,3,0.146,0.6228
Cichl_Tap_02,Cichla_ocellaris,Tapajos,Tapajos,fast,477.847457699313,4,0.2117,0.628
Cichl_Tap_02,Cichla_ocellaris,Tapajos,Tapajos,fast,417.7551430913291,5,0.3438,0.8489
Cichl_Tap_02,Cichla_ocellaris,Tapajos,Tapajos,fast,505.649130113813,6,0.3384,0.2653
Cichl_Tap_02,Cichla_ocellaris,Tapajos,Tapajos,fast,481.0643890926216,7,0.546,0.9413
Cichl_Tap_02,Cichla_ocellaris,Tapajos,Tapajos,fast,622.7078312543345,8,0.6558,0.0812
Cichl_Tap_02,Cichla_ocellaris,Tapajos,Tapajos,fast,538.5070694418885,9,0.8993,0.6075
Cichl_Tap_02,Cichla_ocellaris,Tapajos,Tapajos,fast,520.0407473332956,10,0.8834,0.4404
Cichl_Tap_02,Cichla_ocellaris,Tapajos,Tapajos,fast,438.95381226176005,11,1.1648,0.7181
Cichl_Tap_02,Cichla_ocellaris,Tapajos,Tapajos,fast,626.4457573579979,12,1.1723,0.2806
Cichl_Tap_03,Cichla_ocellaris,Tapajos,Tapajos,fast,504.6120322488088,1,-0.0019,0.603
Cichl_Tap_03,Cichla_ocellaris,Tapajos,Tapajos,fast,592.7335636668847,2,0.1232,0.4634
Cichl_Tap_03,Cichla_ocellaris,Tapajos,Tapajos,fast,546.7912989924581,3,0.1597,0.5999
Cichl_Tap_03,Cichla_ocellaris,Tapajos,Tapajos,fast,533.9527568225878,4,0.252,0.6273
Cichl_Tap_03,Cichla_ocellaris,Tapajos,Tapajos,fast,489.670803652819,5,0.368,0.8478
Cichl_Tap_03,Cichla_ocellaris,Tapajos,Tapajos,fast,512.6412051573744,6,0.3546,0.2485
Cichl_Tap_03,Cichla_ocellaris,Tapajos,Tapajos,fast,521.7766050888746,7,0.5912,0.9325
Cichl_Tap_03,Cichla_ocellaris,Tapajos,Tapajos,fast,535.0943320674845,8,0.7034,0.1051
Cichl_Tap_03,Cichla_ocellaris,Tapajos,Tapajos,fast,520.8170488771447,9,0.9416,0.6101
Cichl_Tap_03,Cichla_ocellaris,Tapajos,Tapajos,fast,585.3313152095373,10,0.9383,0.4449
Cichl_Tap_03,Cichla_ocellaris,Tapajos,Tapajos,fast,500.4522411487734,11,1.2631,0.7067
Cichl_Tap_03,Cichla_ocellaris,Tapajos,Tapajos,fast,609.2936359042747,12,1.2479,0.2872
Cichl_Tap_04,Cichla_ocellaris,Tapajos,Tapajos,fast,612.0044029307692,1,0.0236,0.607
Cichl_Tap_04,Cichla_ocellaris,Tapajos,Tapajos,fast,418.15675707877415,2,0.1233,0.438
Cichl_Tap_04,Cichla_ocellaris,Tapajos,Tapajos,fast,490.81551318838547,3,0.1709,0.6336
Cichl_Tap_04,Cichla_ocellaris,Tapajos,Tapajos,fast,598.1296958580589,4,0.2426,0.6264
Cichl_Tap_04,Cichla_ocellaris,Tapajos,Tapajos,fast,466.4494716200985,5,0.4032,0.8591
Cichl_Tap_04,Cichla_ocellaris,Tapajos,Tapajos,fast,475.0846442412837,6,0.3755,0.2401
Cichl_Tap_04,Cichla_ocellaris,Tapajos,Tapajos,fast,497.91061165969006,7,0.6255,0.9259
Cichl_Tap_04,Cichla_ocellaris,Tapajos,Tapajos,fast,460.91920329221693,8,0.7431,0.0835
Cichl_Tap_04,Cichla_ocellaris,Tapajos,Tapajos,fast,585.9957717635176,9,1.0188,0.6106
Cichl_Tap_04,Cichla_ocellaris,Tapajos,Tapajos,fast,539.3940832015376,10,0.9935,0.442
Cichl_Tap_04,Cichla_ocellaris,Tapajos,Tapajos,fast,474.24160597955535,11,1.3388,0.6915
Cichl_Tap_04,Cichla_ocellaris,Tapajos,Tapajos,fast,548.3502671266144,12,1.3334,0.2921
Cichl_Tap_05,Cichla_ocellaris,Tapajos,Tapajos,fast,565.6957958912664,1,0.0183,0.62
Cichl_Tap_05,Cichla_ocellaris,Tapajos,Tapajos,fast,607.3703556834198,2,0.1024,0.4472
Cichl_Tap_05,Cichla_ocellaris,Tapajos,Tapajos,fast,581.1461083792937,3,0.1401,0.6174
Cichl_Tap_05,Cichla_ocellaris,Tapajos,Tapajos,fast,588.9512869254728,4,0.2175,0.636
Cichl_Tap_05,Cichla_ocellaris,Tapajos,Tapajos,fast,443.4244077992773,5,0.3337,0.8231
Cichl_Tap_05,Cichla_ocellaris,Tapajos,Tapajos,fast,417.8025156675384,6,0.3682,0.2604
Cichl_Tap_05,Cichla_ocellaris,Tapajos,Tapajos,fast,614.5384901158075,7,0.5736,0.9411
Cichl_Tap_05,Cichla_ocellaris,Tapajos,Tapajos,fast,540.6135819154774,8,0.7209,0.1159
Cichl_Tap_05,Cichla_ocellaris,Tapajos,Tapajos,fast,476.70016411189226,9,0.9565,0.6178
Cichl_Tap_05,Cichla_ocellaris,Tapajos,Tapajos,fast,613.4367480546642,10,0.9415,0.4244
Cichl_Tap_05,Cichla_ocellaris,Tapajos,Tapajos,fast,463.0983711550905,11,1.2615,0.7195
Cichl_Tap_05,Cichla_ocellaris,Tapajos,Tapajos,fast,468.9423695079898,12,1.2606,0.3001
Cichl_Tap_06,Cichla_ocellaris,Tapajos,Tapajos,fast,409.0186739008297,1,-0.0056,0.5944
Cichl_Tap_06,Cichla_ocellaris,Tapajos,Tapajos,fast,569.2001196959,2,0.102,0.4432
Cichl_Tap_06,Cichla_ocellaris,Tapajos,Tapajos,fast,554.0188733492987,3,0.1568,0.6385
Cichl_Tap_06,Cichla_ocellaris,Tapajos,Tapajos,fast,432.9635577805966,4,0.2151,0.6243
Cichl_Tap_06,Cichla_ocellaris,Tapajos,Tapajos,fast,442.72569259828924,5,0.3206,0.8348
Cichl_Tap_06,Cichla_ocellaris,Tapajos,Tapajos,fast,565.2665039777272,6,0.2944,0.2445
Cichl_Tap_06,Cichla_ocellaris,Tapajos,Tapajos,fast,434.0496286421996,7,0.5263,0.9169
Cichl_Tap_06,Cichla_ocellaris,Tapajos,Tapajos,fast,417.15768546298557,8,0.6425,0.1063
Cichl_Tap_06,Cichla_ocellaris,Tapajos,Tapajos,fast,501.4031790948776,9,0.8347,0.6488
Cichl_Tap_06,Cichla_ocellaris,Tapajos,Tapajos,fast,441.5386074385028,10,0.8463,0.4353
Cichl_Tap_06,Cichla_ocellaris,Tapajos,Tapajos,fast,454.602510871878,11,1.1107,0.7305
Cichl_Tap_06,Cichla_ocellaris,Tapajos,Tapajos,fast,536.9367331928555,12,1.1232,0.2973
Cichl_Tap_07,Cichla_ocellaris,Tapajos,Tapajos,fast,482.8222324170731,1,0.0177,0.5988
Cichl_Tap_07,Cichla_ocellaris,Tapajos,Tapajos,fast,541.0683164585871,2,0.1188,0.4469
Cichl_Tap_07,Cichla_ocellaris,Tapajos,Tapajos,fast,442.372390374701,3,0.1469,0.6201
Cichl_Tap_07,Cichla_ocellaris,Tapajos,Tapajos,fast,619.900713757596,4,0.2581,0.6142
Cichl_Tap_07,Cichla_ocellaris,Tapajos,Tapajos,fast,448.6411082011209,5,0.3648,0.8721
Cichl_Tap_07,Cichla_ocellaris,Tapajos,Tapajos,fast,547.6443257771257,6,0.3945,0.2516
Cichl_Tap_07,Cichla_ocellaris,Tapajos,Tapajos,fast,446.077603314028,7,0.6305,0.9317
Cichl_Tap_07,Cichla_ocellaris,Tapajos,Tapajos,fast,477.5349102167736,8,0.7337,0.0913
Cichl_Tap_07,Cichla_ocellaris,Tapajos,Tapajos,fast,483.79459238055654,9,1.0089,0.6052
Cichl_Tap_07,Cichla_ocellaris,Tapajos,Tapajos,fast,626.4821663709994,10,1.0015,0.4352
Cichl_Tap_07,Cichla_ocellaris,Tapajos,Tapajos,fast,601.823870837847,11,1.3015,0.7279
Cichl_Tap_07,Cichla_ocellaris,Tapajos,Tapajos,fast,507.7866216169761,12,1.3051,0.277
Cichl_Tap_08,Cichla_ocellaris,Tapajos,Tapajos,fast,588.4810822099643,1,-0.0102,0.6065
Cichl_Tap_08,Cichla_ocellaris,Tapajos,Tapajos,fast,514.4136407496884,2,0.1388,0.432
Cichl_Tap_08,Cichla_ocellaris,Tapajos,Tapajos,fast,504.7456141953677,3,0.1641,0.6147
Cichl_Tap_08,Cichla_ocellaris,Tapajos,Tapajos,fast,429.0123807506597,4,0.2261,0.6538
Cichl_Tap_08,Cichla_ocellaris,Tapajos,Tapajos,fast,433.9495295710219,5,0.3927,0.8433
Cichl_Tap_08,Cichla_ocellaris,Tapajos,Tapajos,fast,610.7300871768731,6,0.4087,0.2519
Cichl_Tap_08,Cichla_ocellaris,Tapajos,Tapajos,fast,565.0372851136003,7,0.6432,0.9345
Cichl_Tap_08,Cichla_ocellaris,Tapajos,Tapajos,fast,471.60324917937305,8,0.8019,0.0997
Cichl_Tap_08,Cichla_ocellaris,Tapajos,Tapajos,fast,557.002837081826,9,1.0317,0.6162
Cichl_Tap_08,Cichla_ocellaris,Tapajos,Tapajos,fast,421.626335073997,10,1.0155,0.4321
Cichl_Tap_08,Cichla_ocellaris,Tapajos,Tapajos,fast,462.6558882122453,11,1.347,0.7106
Cichl_Tap_08,Cichla_ocellaris,Tapajos,Tapajos,fast,508.28718360254425,12,1.348,0.2865
Cichl_Tap_09,Cichla_ocellaris,Tapajos,Tapajos,fast,448.61861140309605,1,0.0038,0.5853
Cichl_Tap_09,Cichla_ocellaris,Tapajos,Tapajos,fast,503.50809869200975,2,0.1389,0.4463
Cichl_Tap_09,Cichla_ocellaris,Tapajos,Tapajos,fast,508.6874400750454,3,0.1661,0.6204
Cichl_Tap_09,Cichla_ocellaris,Tapajos,Tapajos,fast,583.1097101096462,4,0.2611,0.6235
Cichl_Tap_09,Cichla_ocellaris,Tapajos,Tapajos,fast,576.0738015489651,5,0.3811,0.8322
Cichl_Tap_09,Cichla_ocellaris,Tapajos,Tapajos,fast,526.4948474683897,6,0.3833,0.2765
Cichl_Tap_09,Cichla_ocellaris,Tapajos,Tapajos,fast,614.9052256402153,7,0.6095,0.9369
Cichl_Tap_09,Cichla_ocellaris,Tapajos,Tapajos,fast,596.3254047151149,8,0.7509,0.1085
Cichl_Tap_09,Cichla_ocellaris,Tapajos,Tapajos,fast,615.0140758793661,9,0.9994,0.6199
Cichl_Tap_09,Cichla_ocellaris,Tapajos,Tapajos,fast,622.3268096261127,10,0.9919,0.4243
Cichl_Tap_09,Cichla_ocellaris,Tapajos,Tapajos,fast,439.1242185133194,11,1.3102,0.7202
Cichl_Tap_09,Cichla_ocellaris,Tapajos,Tapajos,fast,620.1434351084647,12,1.3094,0.2846
Cichl_Tap_10,Cichla_ocellaris,Tapajos,Tapajos,fast,514.0551094395513,1,0.0024,0.5968
Cichl_Tap_10,Cichla_ocellaris,Tapajos,Tapajos,fast,423.6947032229714,2,0.1143,0.4422
Cichl_Tap_10,Cichla_ocellaris,Tapajos,Tapajos,fast,476.5137420676015,3,0.1665,0.6302
Cichl_Tap_10,Cichla_ocellaris,Tapajos,Tapajos,fast,440.2948656053556,4,0.254,0.6228
Cichl_Tap_10,Cichla_ocellaris,Tapajos,Tapajos,fast,485.6405527706476,5,0.3697,0.8457
Cichl_Tap_10,Cichla_ocellaris,Tapajos,Tapajos,fast,479.62400206355187,6,0.3811,0.2441
Cichl_Tap_10,Cichla_ocellaris,Tapajos,Tapajos,fast,495.1150292910384,7,0.6409,0.9482
Cichl_Tap_10,Cichla_ocellaris,Tapajos,Tapajos,fast,610.4135684553227,8,0.7167,0.0926
Cichl_Tap_10,Cichla_ocellaris,Tapajos,Tapajos,fast,510.56544850368135,9,0.9929,0.6292
Cichl_Tap_10,Cichla_ocellaris,Tapajos,Tapajos,fast,449.83990622186207,10,0.9799,0.4078
Cichl_Tap_10,Cichla_ocellaris,Tapajos,Tapajos,fast,586.4741422612396,11,1.3109,0.7096
Cichl_Tap_10,Cichla_ocellaris,Tapajos,Tapajos,fast,582.0677128844811,12,1.3167,0.2751
Cichl_Tap_11,Cichla_ocellaris,Tapajos,Tapajos,fast,624.4526332448471,1,-0.0048,0.6189
Cichl_Tap_11,Cichla_ocellaris,Tapajos,Tapajos,fast,501.9395833632716,2,0.1172,0.4347
Cichl_Tap_11,Cichla_ocellaris,Tapajos,Tapajos,fast,414.16417074359026,3,0.1475,0.6353
Cichl_Tap_11,Cichla_ocellaris,Tapajos,Tapajos,fast,584.314473098601,4,0.2374,0.6483
Cichl_Tap_11,Cichla_ocellaris,Tapajos,Tapajos,fast,579.476093700266,5,0.3634,0.8557
Cichl_Tap_11,Cichla_ocellaris,Tapajos,Tapajos,fast,616.2596421901322,6,0.3663,0.255
Cichl_Tap_11,Cichla_ocellaris,Tapajos,Tapajos,fast,410.7099298702962,7,0.6027,0.9254
Cichl_Tap_11,Cichla_ocellaris,Tapajos,Tapajos,fast,427.7432994947491,8,0.7175,0.1027
Cichl_Tap_11,Cichla_ocellaris,Tapajos,Tapajos,fast,509.72393461461536,9,0.9414,0.6443
Cichl_Tap_11,Cichla_ocellaris,Tapajos,Tapajos,fast,565.5725563682254,10,0.9528,0.4151
Cichl_Tap_11,Cichla_ocellaris,Tapajos,Tapajos,fast,427.66216527518054,11,1.2467,0.7188
Cichl_Tap_11,Cichla_ocellaris,Tapajos,Tapajos,fast,453.06553406273963,12,1.2369,0.276
Cichl_Tap_12,Cichla_ocellaris,Tapajos,Tapajos,fast,577.772334362519,1,-0.0022,0.6113
Cichl_Tap_12,Cichla_ocellaris,Tapajos,Tapajos,fast,538.0260403983426,2,0.1089,0.4573
Cichl_Tap_12,Cichla_ocellaris,Tapajos,Tapajos,fast,468.5923690124881,3,0.1698,0.6184
Cichl_Tap_12,Cichla_ocellaris,Tapajos,Tapajos,fast,513.8552008427131,4,0.2589,0.6056
Cichl_Tap_12,Cichla_ocellaris,Tapajos,Tapajos,fast,452.21182085305657,5,0.3768,0.8509
Cichl_Tap_12,Cichla_ocellaris,Tapajos,Tapajos,fast,418.71236442807356,6,0.3615,0.274
Cichl_Tap_12,Cichla_ocellaris,Tapajos,Tapajos,fast,440.92743658611835,7,0.6288,0.9461
Cichl_Tap_12,Cichla_ocellaris,Tapajos,Tapajos,fast,614.9205836987337,8,0.7737,0.1017
Cichl_Tap_12,Cichla_ocellaris,Tapajos,Tapajos,fast,418.41547805405753,9,0.9911,0.6227
Cichl_Tap_12,Cichla_ocellaris,Tapajos,Tapajos,fast,411.07515127529274,10,1.0086,0.4162
Cichl_Tap_12,Cichla_ocellaris,Tapajos,Tapajos,fast,490.80182872393516,11,1.3386,0.6971
Cichl_Tap_12,Cichla_ocellaris,Tapajos,Tapajos,fast,440.387170843654,12,1.2958,0.2953
Cichl_Xin_01,Cichla_ocellaris,Xingu,Xingu,fast,442.9465608081181,1,-0.0085,0.6236
Cichl_Xin_01,Cichla_ocellaris,Xingu,Xingu,fast,577.4495569798795,2,0.1147,0.4461
Cichl_Xin_01,Cichla_ocellaris,Xingu,Xingu,fast,626.7312523985374,3,0.1515,0.6337
Cichl_Xin_01,Cichla_ocellaris,Xingu,Xingu,fast,464.25752755497524,4,0.2498,0.6285
Cichl_Xin_01,Cichla_ocellaris,Xingu,Xingu,fast,536.5394513115895,5,0.374,0.8286
Cichl_Xin_01,Cichla_ocellaris,Xingu,Xingu,fast,517.281672854023,6,0.371,0.2687
Cichl_Xin_01,Cichla_ocellaris,Xingu,Xingu,fast,553.9573968214976,7,0.5914,0.9191
Cichl_Xin_01,Cichla_ocellaris,Xingu,Xingu,fast,464.65213674188,8,0.7101,0.1032
Cichl_Xin_01,Cichla_ocellaris,Xingu,Xingu,fast,487.173949062223,9,0.9507,0.6183
Cichl_Xin_01,Cichla_ocellaris,Xingu,Xingu,fast,537.9577666526471,10,0.9686,0.4372
Cichl_Xin_01,Cichla_ocellaris,Xingu,Xingu,fast,549.1048316049116,11,1.255,0.7189
Cichl_Xin_01,Cichla_ocellaris,Xingu,Xingu,fast,523.8863462872694,12,1.2679,0.2794
Cichl_Xin_02,Cichla_ocellaris,Xingu,Xingu,fast,462.062253578423,1,-0.0059,0.6035
Cichl_Xin_02,Cichla_ocellaris,Xingu,Xingu,fast,488.8352750186646,2,0.1253,0.4594
Cichl_Xin_02,Cichla_ocellaris,Xingu,Xingu,fast,431.54241426152373,3,0.1621,0.6397
Cichl_Xin_02,Cichla_ocellaris,Xingu,Xingu,fast,535.8996798395883,4,0.2411,0.6431
Cichl_Xin_02,Cichla_ocellaris,Xingu,Xingu,fast,590.3084902635512,5,0.3723,0.8658
Cichl_Xin_02,Cichla_ocellaris,Xingu,Xingu,fast,587.0340285790865,6,0.3639,0.2393
Cichl_Xin_02,Cichla_ocellaris,Xingu,Xingu,fast,439.07695313902286,7,0.6189,0.9323
Cichl_Xin_02,Cichla_ocellaris,Xingu,Xingu,fast,432.14927256123053,8,0.7491,0.0972
Cichl_Xin_02,Cichla_ocellaris,Xingu,Xingu,fast,606.8487121187542,9,0.9906,0.6318
Cichl_Xin_02,Cichla_ocellaris,Xingu,Xingu,fast,418.01660630616817,10,0.9864,0.4318
Cichl_Xin_02,Cichla_ocellaris,Xingu,Xingu,fast,489.2798910059332,11,1.3063,0.7202
Cichl_Xin_02,Cichla_ocellaris,Xingu,Xingu,fast,511.01512059909504,12,1.3209,0.263
Cichl_Xin_03,Cichla_ocellaris,Xingu,Xingu,fast,503.8428641346145,1,-0.0039,0.613
Cichl_Xin_03,Cichla_ocellaris,Xingu,Xingu,fast,623.2626141336322,2,0.1249,0.4446
Cichl_Xin_03,Cichla_ocellaris,Xingu,Xingu,fast,548.7532047160606,3,0.1659,0.6364
Cichl_Xin_03,Cichla_ocellaris,Xingu,Xingu,fast,529.0314550825976,4,0.2456,0.6332
Cichl_Xin_03,Cichla_ocellaris,Xingu,Xingu,fast,481.26545795077527,5,0.3898,0.8315
Cichl_Xin_03,Cichla_ocellaris,Xingu,Xingu,fast,543.0929342077025,6,0.3769,0.2568
Cichl_Xin_03,Cichla_ocellaris,Xingu,Xingu,fast,521.8803718228587,7,0.6487,0.9298
Cichl_Xin_03,Cichla_ocellaris,Xingu,Xingu,fast,604.5358749356144,8,0.7567,0.1259
Cichl_Xin_03,Cichla_ocellaris,Xingu,Xingu,fast,464.38144751971663,9,1.0057,0.6185
Cichl_Xin_03,Cichla_ocellaris,Xingu,Xingu,fast,591.7025644202492,10,1.0318,0.4312
Cichl_Xin_03,Cichla_ocellaris,Xingu,Xingu,fast,468.63444193627544,11,1.3151,0.7199
Cichl_Xin_03,Cichla_ocellaris,Xingu,Xingu,fast,593.9171665231968,12,1.3104,0.2815
Cichl_Xin_04,Cichla_ocellaris,Xingu,Xingu,fast,506.6856759081668,1,0.0063,0.5924
Cichl_Xin_04,Cichla_ocellaris,Xingu,Xingu,fast,423.0571799306605,2,0.1291,0.4535
Cichl_Xin_04,Cichla_ocellaris,Xingu,Xingu,fast,622.6383924243726,3,0.1682,0.6195
Cichl_Xin_04,Cichla_ocellaris,Xingu,Xingu,fast,580.7613045451162,4,0.2627,0.6327
Cichl_Xin_04,Cichla_ocellaris,Xingu,Xingu,fast,593.9287080855025,5,0.3763,0.8357
Cichl_Xin_04,Cichla_ocellaris,Xingu,Xingu,fast,558.1776976587,6,0.3841,0.2496
Cichl_Xin_04,Cichla_ocellaris,Xingu,Xingu,fast,479.98702334150687,7,0.6523,0.9317
Cichl_Xin_04,Cichla_ocellaris,Xingu,Xingu,fast,561.1935404344293,8,0.747,0.0891
Cichl_Xin_04,Cichla_ocellaris,Xingu,Xingu,fast,536.6433626503166,9,0.9786,0.6223
Cichl_Xin_04,Cichla_ocellaris,Xingu,Xingu,fast,547.6686410041328,10,1.004,0.4222
Cichl_Xin_04,Cichla_ocellaris,Xingu,Xingu,fast,420.77631632050304,11,1.3261,0.7075
Cichl_Xin_04,Cichla_ocellaris,Xingu,Xingu,fast,537.7717997431092,12,1.3483,0.2793
Cichl_Xin_05,Cichla_ocellaris,Xingu,Xingu,fast,488.16848992043435,1,0.0064,0.5977
Cichl_Xin_05,Cichla_ocellaris,Xingu,Xingu,fast,564.7355676179886,2,0.1188,0.4357
Cichl_Xin_05,Cichla_ocellaris,Xingu,Xingu,fast,525.8269410543498,3,0.1454,0.6311
Cichl_Xin_05,Cichla_ocellaris,Xingu,Xingu,fast,452.31400486378783,4,0.2284,0.6014
Cichl_Xin_05,Cichla_ocellaris,Xingu,Xingu,fast,458.9216927219144,5,0.3434,0.8545
Cichl_Xin_05,Cichla_ocellaris,Xingu,Xingu,fast,488.33920338443704,6,0.3334,0.263
Cichl_Xin_05,Cichla_ocellaris,Xingu,Xingu,fast,492.83990276037036,7,0.5571,0.9318
Cichl_Xin_05,Cichla_ocellaris,Xingu,Xingu,fast,561.7470051238074,8,0.6656,0.116
Cichl_Xin_05,Cichla_ocellaris,Xingu,Xingu,fast,565.4564356320534,9,0.9079,0.611
Cichl_Xin_05,Cichla_ocellaris,Xingu,Xingu,fast,542.8300787225414,10,0.8791,0.4202
Cichl_Xin_05,Cichla_ocellaris,Xingu,Xingu,fast,532.5887409962507,11,1.1839,0.7228
Cichl_Xin_05,Cichla_ocellaris,Xingu,Xingu,fast,502.81587710274334,12,1.1743,0.2693
Cichl_Xin_06,Cichla_ocellaris,Xingu,Xingu,fast,536.0523823443173,1,-0.0011,0.5873
Cichl_Xin_06,Cichla_ocellaris,Xingu,Xingu,fast,458.61572311401113,2,0.124,0.4509
Cichl_Xin_06,Cichla_ocellaris,Xingu,Xingu,fast,483.85517134930217,3,0.1643,0.6158
Cichl_Xin_06,Cichla_ocellaris,Xingu,Xingu,fast,429.81621617652826,4,0.2441,0.6207
Cichl_Xin_06,Cichla_ocellaris,Xingu,Xingu,fast,473.4407628213746,5,0.3955,0.8362
Cichl_Xin_06,Cichla_ocellaris,Xingu,Xingu,fast,454.50276894082526,6,0.3813,0.2506
Cichl_Xin_06,Cichla_ocellaris,Xingu,Xingu,fast,452.30253981864615,7,0.6332,0.9342
Cichl_Xin_06,Cichla_ocellaris,Xingu,Xingu,fast,459.7412325726518,8,0.7311,0.0943
Cichl_Xin_06,Cichla_ocellaris,Xingu,Xingu,fast,427.2806876884913,9,1.0,0.6031
Cichl_Xin_06,Cichla_ocellaris,Xingu,Xingu,fast,435.4259917733092,10,1.015,0.4157
Cichl_Xin_06,Cichla_ocellaris,Xingu,Xingu,fast,523.8629843357788,11,1.3083,0.7062
Cichl_Xin_06,Cichla_ocellaris,Xingu,Xingu,fast,465.2091350356779,12,1.3121,0.2722
Cichl_Xin_07,Cichla_ocellaris,Xingu,Xingu,fast,604.7553911314408,1,-0.0202,0.6092
Cichl_Xin_07,Cichla_ocellaris,Xingu,Xingu,fast,494.6605879561378,2,0.1115,0.4399
Cichl_Xin_07,Cichla_ocellaris,Xingu,Xingu,fast,429.02401692013245,3,0.1385,0.6078
Cichl_Xin_07,Cichla_ocellaris,Xingu,Xingu,fast,608.3689871677053,4,0.2268,0.6298
Cichl_Xin_07,Cichla_ocellaris,Xingu,Xingu,fast,555.3681231404163,5,0.3164,0.8486
Cichl_Xin_07,Cichla_ocellaris,Xingu,Xingu,fast,537.456817157379,6,0.3071,0.2648
Cichl_Xin_07,Cichla_ocellaris,Xingu,Xingu,fast,502.589745977935,7,0.5506,0.954
Cichl_Xin_07,Cichla_ocellaris,Xingu,Xingu,fast,558.6394862440578,8,0.6177,0.0861
Cichl_Xin_07,Cichla_ocellaris,Xingu,Xingu,fast,475.80346683584474,9,0.8384,0.6224
Cichl_Xin_07,Cichla_ocellaris,Xingu,Xingu,fast,547.1782251664216,10,0.8362,0.4286
Cichl_Xin_07,Cichla_ocellaris,Xingu,Xingu,fast,440.4034456143063,11,1.1205,0.6999
Cichl_Xin_07,Cichla_ocellaris,Xingu,Xingu,fast,574.2633494869293,12,1.1173,0.2714
Cichl_Xin_08,Cichla_ocellaris,Xingu,Xingu,fast,547.0980738365155,1,0.0087,0.6167
Cichl_Xin_08,Cichla_ocellaris,Xingu,Xingu,fast,540.7173955491837,2,0.1231,0.4445
Cichl_Xin_08,Cichla_ocellaris,Xingu,Xingu,fast,530.9661131074834,3,0.1554,0.6235
Cichl_Xin_08,Cichla_ocellaris,Xingu,Xingu,fast,472.2402531100047,4,0.2195,0.6198
Cichl_Xin_08,Cichla_ocellaris,Xingu,Xingu,fast,462.02009835975696,5,0.3354,0.8366
Cichl_Xin_08,Cichla_ocellaris,Xingu,Xingu,fast,614.7622898839497,6,0.3358,0.2675
Cichl_Xin_08,Cichla_ocellaris,Xingu,Xingu,fast,522.2231079041261,7,0.5501,0.9252
Cichl_Xin_08,Cichla_ocellaris,Xingu,Xingu,fast,620.9133417825251,8,0.6916,0.1001
Cichl_Xin_08,Cichla_ocellaris,Xingu,Xingu,fast,567.106165367858,9,0.9108,0.6227
Cichl_Xin_08,Cichla_ocellaris,Xingu,Xingu,fast,577.2722998623991,10,0.9144,0.4109
Cichl_Xin_08,Cichla_ocellaris,Xingu,Xingu,fast,536.4907472788595,11,1.1844,0.7163
Cichl_Xin_08,Cichla_ocellaris,Xingu,Xingu,fast,485.528274548165,12,1.1833,0.2887
Cichl_Xin_09,Cichla_ocellaris,Xingu,Xingu,fast,481.79959320543924,1,0.0002,0.6072
Cichl_Xin_09,Cichla_ocellaris,Xingu,Xingu,fast,593.8766758135558,2,0.1302,0.4496
Cichl_Xin_09,Cichla_ocellaris,Xingu,Xingu,fast,542.7677369397701,3,0.1767,0.6148
Cichl_Xin_09,Cichla_ocellaris,Xingu,Xingu,fast,601.0064005549683,4,0.2654,0.6209
Cichl_Xin_09,Cichla_ocellaris,Xingu,Xingu,fast,566.8797538566015,5,0.3924,0.8464
Cichl_Xin_09,Cichla_ocellaris,Xingu,Xingu,fast,622.5156377237955,6,0.3719,0.2501
Cichl_Xin_09,Cichla_ocellaris,Xingu,Xingu,fast,597.7147922861728,7,0.602,0.958
Cichl_Xin_09,Cichla_ocellaris,Xingu,Xingu,fast,469.7738495450435,8,0.7489,0.1038
Cichl_Xin_09,Cichla_ocellaris,Xingu,Xingu,fast,617.7467886366719,9,1.0001,0.6216
Cichl_Xin_09,Cichla_ocellaris,Xingu,Xingu,fast,419.10617937728375,10,1.0038,0.4195
Cichl_Xin_09,Cichla_ocellaris,Xingu,Xingu,fast,575.2943795407887,11,1.3421,0.728
Cichl_Xin_09,Cichla_ocellaris,Xingu,Xingu,fast,418.27348517754876,12,1.355,0.2757
Cichl_Xin_10,Cichla_ocellaris,Xingu,Xingu,fast,487.7737741606129,1,-0.0154,0.6042
Cichl_Xin_10,Cichla_ocellaris,Xingu,Xingu,fast,433.30337851966476,2,0.1127,0.4466
Cichl_Xin_10,Cichla_ocellaris,Xingu,Xingu,fast,475.7952780634818,3,0.1654,0.6278
Cichl_Xin_10,Cichla_ocellaris,Xingu,Xingu,fast,524.3782383472285,4,0.2255,0.6251
Cichl_Xin_10,Cichla_ocellaris,Xingu,Xingu,fast,593.1779048996023,5,0.3605,0.8363
Cichl_Xin_10,Cichla_ocellaris,Xingu,Xingu,fast,612.3505801323236,6,0.3423,0.2384
Cichl_Xin_10,Cichla_ocellaris,Xingu,Xingu,fast,535.9819455361891,7,0.5748,0.9177
Cichl_Xin_10,Cichla_ocellaris,Xingu,Xingu,fast,427.8219618602468,8,0.7078,0.0854
Cichl_Xin_10,Cichla_ocellaris,Xingu,Xingu,fast,571.3970315978197,9,0.9454,0.6229
Cichl_Xin_10,Cichla_ocellaris,Xingu,Xingu,fast,465.1511213553462,10,0.923,0.454
Cichl_Xin_10,Cichla_ocellaris,Xingu,Xingu,fast,625.8133126889666,11,1.2173,0.7018
Cichl_Xin_10,Cichla_ocellaris,Xingu,Xingu,fast,594.8541327549988,12,1.2334,0.2774
Cichl_Xin_11,Cichla_ocellaris,Xingu,Xingu,fast,437.28559657991246,1,0.0259,0.6107
Cichl_Xin_11,Cichla_ocellaris,Xingu,Xingu,fast,544.138556864647,2,0.1366,0.4426
Cichl_Xin_11,Cichla_ocellaris,Xingu,Xingu,fast,624.8834508085282,3,0.1846,0.6334
Cichl_Xin_11,Cichla_ocellaris,Xingu,Xingu,fast,545.4183421947868,4,0.2427,0.6252
Cichl_Xin_11,Cichla_ocellaris,Xingu,Xingu,fast,447.8484831661089,5,0.3728,0.8703
Cichl_Xin_11,Cichla_ocellaris,Xingu,Xingu,fast,575.1066345180617,6,0.3814,0.2442
Cichl_Xin_11,Cichla_ocellaris,Xingu,Xingu,fast,512.4304133454017,7,0.6091,0.9491
Cichl_Xin_11,Cichla_ocellaris,Xingu,Xingu,fast,603.9693781737969,8,0.7145,0.1135
Cichl_Xin_11,Cichla_ocellaris,Xingu,Xingu,fast,505.68928524076864,9,0.9638,0.6117
Cichl_Xin_11,Cichla_ocellaris,Xingu,Xingu,fast,465.534697333651,10,0.9942,0.4044
Cichl_Xin_11,Cichla_ocellaris,Xingu,Xingu,fast,621.9391137892286,11,1.303,0.7231
Cichl_Xin_11,Cichla_ocellaris,Xingu,Xingu,fast,575.95352407303,12,1.3141,0.2811
Cichl_Xin_12,Cichla_ocellaris,Xingu,Xingu,fast,621.2164210500408,1,0.0071,0.5801
Cichl_Xin_12,Cichla_ocellaris,Xingu,Xingu,fast,423.9854335094305,2,0.1117,0.4481
Cichl_Xin_12,Cichla_ocellaris,Xingu,Xingu,fast,419.9539521713563,3,0.1729,0.6105
Cichl_Xin_12,Cichla_ocellaris,Xingu,Xingu,fast,484.60244089544244,4,0.2549,0.6272
Cichl_Xin_12,Cichla_ocellaris,Xingu,Xingu,fast,442.64174210381736,5,0.382,0.8326
Cichl_Xin_12,Cichla_ocellaris,Xingu,Xingu,fast,594.9032370060787,6,0.3727,0.2513
Cichl_Xin_12,Cichla_ocellaris,Xingu,Xingu,fast,506.1440344142571,7,0.6509,0.9345
Cichl_Xin_12,Cichla_ocellaris,Xingu,Xingu,fast,482.46555332688894,8,0.7828,0.1299
Cichl_Xin_12,Cichla_ocellaris,Xingu,Xingu,fast,566.9822451770098,9,1.0289,0.6072
Cichl_Xin_12,Cichla_ocellaris,Xingu,Xingu,fast,597.5585617305137,10,1.0293,0.4295
Cichl_Xin_12,Cichla_ocellaris,Xingu,Xingu,fast,552.5523112953739,11,1.3385,0.7204
Cichl_Xin_12,Cichla_ocellaris,Xingu,Xingu,fast,542.826069284517,12,1.3419,0.2848
Cichl_Toc_01,Cichla_ocellaris,Tocantins,Tocantins,slow,587.9893584636069,1,0.0118,0.5767
Cichl_Toc_01,Cichla_ocellaris,Tocantins,Tocantins,slow,451.55858204509485,2,0.1293,0.4447
Cichl_Toc_01,Cichla_ocellaris,Tocantins,Tocantins,slow,430.91722526438343,3,0.1559,0.6141
Cichl_Toc_01,Cichla_ocellaris,Tocantins,Tocantins,slow,489.8264902055125,4,0.262,0.6239
Cichl_Toc_01,Cichla_ocellaris,Tocantins,Tocantins,slow,463.56064272883475,5,0.3814,0.8772
Cichl_Toc_01,Cichla_ocellaris,Tocantins,Tocantins,slow,605.8672099916205,6,0.3806,0.2406
Cichl_Toc_01,Cichla_ocellaris,Tocantins,Tocantins,slow,435.8176698760264,7,0.5512,0.9438
Cichl_Toc_01,Cichla_ocellaris,Tocantins,Tocantins,slow,462.895704644257,8,0.6696,0.1211
Cichl_Toc_01,Cichla_ocellaris,Tocantins,Tocantins,slow,467.76321868102855,9,0.9589,0.5847
Cichl_Toc_01,Cichla_ocellaris,Tocantins,Tocantins,slow,526.7063905132143,10,0.9391,0.4172
Cichl_Toc_01,Cichla_ocellaris,Tocantins,Tocantins,slow,545.1544329442729,11,1.2371,0.661
Cichl_Toc_01,Cichla_ocellaris,Tocantins,Tocantins,slow,523.5179931669364,12,1.2459,0.3594
Cichl_Toc_02,Cichla_ocellaris,Tocantins,Tocantins,slow,589.9635626735271,1,0.0088,0.6032
Cichl_Toc_02,Cichla_ocellaris,Tocantins,Tocantins,slow,505.1891812519905,2,0.1208,0.4514
Cichl_Toc_02,Cichla_ocellaris,Tocantins,Tocantins,slow,539.5447355523742,3,0.1565,0.6137
Cichl_Toc_02,Cichla_ocellaris,Tocantins,Tocantins,slow,496.86382643309526,4,0.2485,0.6297
Cichl_Toc_02,Cichla_ocellaris,Tocantins,Tocantins,slow,562.8616754531773,5,0.3716,0.8537
Cichl_Toc_02,Cichla_ocellaris,Tocantins,Tocantins,slow,444.29133860002344,6,0.3705,0.2578
Cichl_Toc_02,Cichla_ocellaris,Tocantins,Tocantins,slow,604.1169129725122,7,0.5685,0.9213
Cichl_Toc_02,Cichla_ocellaris,Tocantins,Tocantins,slow,567.1503139112265,8,0.6623,0.1015
Cichl_Toc_02,Cichla_ocellaris,Tocantins,Tocantins,slow,533.898375928458,9,0.933,0.6395
Cichl_Toc_02,Cichla_ocellaris,Tocantins,Tocantins,slow,494.2433798210045,10,0.9114,0.4212
Cichl_Toc_02,Cichla_ocellaris,Tocantins,Tocantins,slow,598.8470800965556,11,1.2391,0.6468
Cichl_Toc_02,Cichla_ocellaris,Tocantins,Tocantins,slow,475.9248552218238,12,1.2464,0.3674
Cichl_Toc_03,Cichla_ocellaris,Tocantins,Tocantins,slow,432.43816730893127,1,0.0212,0.6042
Cichl_Toc_03,Cichla_ocellaris,Tocantins,Tocantins,slow,572.7381184181652,2,0.1043,0.4246
Cichl_Toc_03,Cichla_ocellaris,Tocantins,Tocantins,slow,428.41432029488607,3,0.147,0.6231
Cichl_Toc_03,Cichla_ocellaris,Tocantins,Tocantins,slow,594.5535765957283,4,0.2126,0.6106
Cichl_Toc_03,Cichla_ocellaris,Tocantins,Tocantins,slow,495.9406047904361,5,0.3365,0.8497
Cichl_Toc_03,Cichla_ocellaris,Tocantins,Tocantins,slow,461.89955213026303,6,0.3387,0.2526
Cichl_Toc_03,Cichla_ocellaris,Tocantins,Tocantins,slow,441.15278073750414,7,0.5002,0.9312
Cichl_Toc_03,Cichla_ocellaris,Tocantins,Tocantins,slow,623.0893728876681,8,0.6275,0.1207
Cichl_Toc_03,Cichla_ocellaris,Tocantins,Tocantins,slow,525.8028763529431,9,0.8329,0.616
Cichl_Toc_03,Cichla_ocellaris,Tocantins,Tocantins,slow,469.0420549452727,10,0.8369,0.3979
Cichl_Toc_03,Cichla_ocellaris,Tocantins,Tocantins,slow,535.1088103560097,11,1.1128,0.6491
Cichl_Toc_03,Cichla_ocellaris,Tocantins,Tocantins,slow,562.505315719605,12,1.1276,0.3512
Cichl_Toc_04,Cichla_ocellaris,Tocantins,Tocantins,slow,489.6466930256733,1,-0.0291,0.626
Cichl_Toc_04,Cichla_ocellaris,Tocantins,Tocantins,slow,609.816466301875,2,0.1366,0.4521
Cichl_Toc_04,Cichla_ocellaris,Tocantins,Tocantins,slow,607.4956031256148,3,0.1547,0.6169
Cichl_Toc_04,Cichla_ocellaris,Tocantins,Tocantins,slow,444.1000080000709,4,0.2496,0.6309
Cichl_Toc_04,Cichla_ocellaris,Tocantins,Tocantins,slow,458.7987119024654,5,0.3589,0.8388
Cichl_Toc_04,Cichla_ocellaris,Tocantins,Tocantins,slow,417.7598663187427,6,0.3751,0.2459
Cichl_Toc_04,Cichla_ocellaris,Tocantins,Tocantins,slow,604.2187146747485,7,0.5646,0.9187
Cichl_Toc_04,Cichla_ocellaris,Tocantins,Tocantins,slow,531.2070079907317,8,0.6707,0.0818
Cichl_Toc_04,Cichla_ocellaris,Tocantins,Tocantins,slow,536.7729681989397,9,0.9397,0.6221
Cichl_Toc_04,Cichla_ocellaris,Tocantins,Tocantins,slow,435.133154817951,10,0.9254,0.4335
Cichl_Toc_04,Cichla_ocellaris,Tocantins,Tocantins,slow,496.6284058933111,11,1.202,0.6494
Cichl_Toc_04,Cichla_ocellaris,Tocantins,Tocantins,slow,560.0366401046515,12,1.2123,0.3508
Cichl_Toc_05,Cichla_ocellaris,Tocantins,Tocantins,slow,431.20170418777377,1,0.0011,0.5955
Cichl_Toc_05,Cichla_ocellaris,Tocantins,Tocantins,slow,471.4206062893049,2,0.1053,0.4588
Cichl_Toc_05,Cichla_ocellaris,Tocantins,Tocantins,slow,578.260554944723,3,0.1369,0.6363
Cichl_Toc_05,Cichla_ocellaris,Tocantins,Tocantins,slow,557.4284856088954,4,0.2279,0.6035
Cichl_Toc_05,Cichla_ocellaris,Tocantins,Tocantins,slow,415.48892168176843,5,0.3466,0.852
Cichl_Toc_05,Cichla_ocellaris,Tocantins,Tocantins,slow,507.1907483234828,6,0.3319,0.2307
Cichl_Toc_05,Cichla_ocellaris,Tocantins,Tocantins,slow,410.75227945627535,7,0.4939,0.9458
Cichl_Toc_05,Cichla_ocellaris,Tocantins,Tocantins,slow,528.2292493310151,8,0.6223,0.0988
Cichl_Toc_05,Cichla_ocellaris,Tocantins,Tocantins,slow,535.9599282850725,9,0.8168,0.627
Cichl_Toc_05,Cichla_ocellaris,Tocantins,Tocantins,slow,579.6169922677755,10,0.8468,0.4324
Cichl_Toc_05,Cichla_ocellaris,Tocantins,Tocantins,slow,562.3295039978675,11,1.1309,0.6418
Cichl_Toc_05,Cichla_ocellaris,Tocantins,Tocantins,slow,524.9299176603738,12,1.1203,0.3482
Cichl_Toc_06,Cichla_ocellaris,Tocantins,Tocantins,slow,599.2303315959654,1,-0.0292,0.6011
Cichl_Toc_06,Cichla_ocellaris,Tocantins,Tocantins,slow,478.3788700033334,2,0.1154,0.426
Cichl_Toc_06,Cichla_ocellaris,Tocantins,Tocantins,slow,440.6385790200735,3,0.163,0.626
Cichl_Toc_06,Cichla_ocellaris,Tocantins,Tocantins,slow,457.44750896513574,4,0.2723,0.6237
Cichl_Toc_06,Cichla_ocellaris,Tocantins,Tocantins,slow,532.8792470633318,5,0.3864,0.8594
Cichl_Toc_06,Cichla_ocellaris,Tocantins,Tocantins,slow,505.4510920338738,6,0.3753,0.2413
Cichl_Toc_06,Cichla_ocellaris,Tocantins,Tocantins,slow,559.6780176807896,7,0.5894,0.949
Cichl_Toc_06,Cichla_ocellaris,Tocantins,Tocantins,slow,580.2745338138485,8,0.7275,0.1318
Cichl_Toc_06,Cichla_ocellaris,Tocantins,Tocantins,slow,532.4861273842519,9,0.9505,0.618
Cichl_Toc_06,Cichla_ocellaris,Tocantins,Tocantins,slow,511.7480319250536,10,0.9872,0.4234
Cichl_Toc_06,Cichla_ocellaris,Tocantins,Tocantins,slow,449.8134448345302,11,1.3005,0.6614
Cichl_Toc_06,Cichla_ocellaris,Tocantins,Tocantins,slow,522.0207640009697,12,1.2981,0.3628
Cichl_Toc_07,Cichla_ocellaris,Tocantins,Tocantins,slow,440.28652653226976,1,0.0153,0.6123
Cichl_Toc_07,Cichla_ocellaris,Tocantins,Tocantins,slow,574.2587463935588,2,0.1184,0.4442
Cichl_Toc_07,Cichla_ocellaris,Tocantins,Tocantins,slow,456.661818321318,3,0.168,0.627
Cichl_Toc_07,Cichla_ocellaris,Tocantins,Tocantins,slow,412.1982149877691,4,0.2241,0.6123
Cichl_Toc_07,Cichla_ocellaris,Tocantins,Tocantins,slow,411.9662168937287,5,0.3592,0.842
Cichl_Toc_07,Cichla_ocellaris,Tocantins,Tocantins,slow,430.58002079433066,6,0.3542,0.2611
Cichl_Toc_07,Cichla_ocellaris,Tocantins,Tocantins,slow,606.3692467222561,7,0.5055,0.9398
Cichl_Toc_07,Cichla_ocellaris,Tocantins,Tocantins,slow,506.56189256377183,8,0.6261,0.0967
Cichl_Toc_07,Cichla_ocellaris,Tocantins,Tocantins,slow,450.1379356820808,9,0.9033,0.5957
Cichl_Toc_07,Cichla_ocellaris,Tocantins,Tocantins,slow,518.7680569402382,10,0.8808,0.4155
Cichl_Toc_07,Cichla_ocellaris,Tocantins,Tocantins,slow,523.762585525602,11,1.1593,0.6554
Cichl_Toc_07,Cichla_ocellaris,Tocantins,Tocantins,slow,523.8260904722039,12,1.163,0.3458
Cichl_Toc_08,Cichla_ocellaris,Tocantins,Tocantins,slow,587.2519532100076,1,-0.0128,0.6001
Cichl_Toc_08,Cichla_ocellaris,Tocantins,Tocantins,slow,608.8247541225086,2,0.1181,0.4692
Cichl_Toc_08,Cichla_ocellaris,Tocantins,Tocantins,slow,446.7749050781274,3,0.1402,0.6232
Cichl_Toc_08,Cichla_ocellaris,Tocantins,Tocantins,slow,594.5473142147389,4,0.2466,0.6295
Cichl_Toc_08,Cichla_ocellaris,Tocantins,Tocantins,slow,503.7285607040559,5,0.3647,0.8628
Cichl_Toc_08,Cichla_ocellaris,Tocantins,Tocantins,slow,558.732536975691,6,0.383,0.2568
Cichl_Toc_08,Cichla_ocellaris,Tocantins,Tocantins,slow,422.6706721057965,7,0.5831,0.9377
Cichl_Toc_08,Cichla_ocellaris,Tocantins,Tocantins,slow,593.9447528267724,8,0.6862,0.1188
Cichl_Toc_08,Cichla_ocellaris,Tocantins,Tocantins,slow,519.0029770004925,9,0.9391,0.5977
Cichl_Toc_08,Cichla_ocellaris,Tocantins,Tocantins,slow,542.0661126430534,10,0.9344,0.4136
Cichl_Toc_08,Cichla_ocellaris,Tocantins,Tocantins,slow,537.4045382018373,11,1.2473,0.6558
Cichl_Toc_08,Cichla_ocellaris,Tocantins,Tocantins,slow,458.8857668451708,12,1.2369,0.355
Cichl_Toc_09,Cichla_ocellaris,Tocantins,Tocantins,slow,530.8291856112387,1,0.003,0.613
Cichl_Toc_09,Cichla_ocellaris,Tocantins,Tocantins,slow,524.184306365461,2,0.1039,0.4643
Cichl_Toc_09,Cichla_ocellaris,Tocantins,Tocantins,slow,478.80183182870326,3,0.1584,0.6379
Cichl_Toc_09,Cichla_ocellaris,Tocantins,Tocantins,slow,426.8681158951292,4,0.2679,0.6223
Cichl_Toc_09,Cichla_ocellaris,Tocantins,Tocantins,slow,462.36551340919897,5,0.3414,0.8469
Cichl_Toc_09,Cichla_ocellaris,Tocantins,Tocantins,slow,567.5804454747503,6,0.3578,0.2416
Cichl_Toc_09,Cichla_ocellaris,Tocantins,Tocantins,slow,602.0865993425299,7,0.5427,0.9393
Cichl_Toc_09,Cichla_ocellaris,Tocantins,Tocantins,slow,506.9739965038531,8,0.6499,0.1114
Cichl_Toc_09,Cichla_ocellaris,Tocantins,Tocantins,slow,458.28040150247125,9,0.9038,0.6342
Cichl_Toc_09,Cichla_ocellaris,Tocantins,Tocantins,slow,590.3396558860603,10,0.8944,0.4343
Cichl_Toc_09,Cichla_ocellaris,Tocantins,Tocantins,slow,593.0690185145659,11,1.1842,0.6564
Cichl_Toc_09,Cichla_ocellaris,Tocantins,Tocantins,slow,407.6970678716245,12,1.2012,0.3421
Cichl_Toc_10,Cichla_ocellaris,Tocantins,Tocantins,slow,616.12030015656,1,0.0078,0.5989
Cichl_Toc_10,Cichla_ocellaris,Tocantins,Tocantins,slow,544.3102935740765,2,0.1291,0.4613
Cichl_Toc_10,Cichla_ocellaris,Tocantins,Tocantins,slow,529.5968191172077,3,0.1628,0.6284
Cichl_Toc_10,Cichla_ocellaris,Tocantins,Tocantins,slow,510.424606376167,4,0.2293,0.6112
Cichl_Toc_10,Cichla_ocellaris,Tocantins,Tocantins,slow,417.32347562481925,5,0.3704,0.8587
Cichl_Toc_10,Cichla_ocellaris,Tocantins,Tocantins,slow,473.69645347399916,6,0.3682,0.2608
Cichl_Toc_10,Cichla_ocellaris,Tocantins,Tocantins,slow,437.2032069146729,7,0.5348,0.9298
Cichl_Toc_10,Cichla_ocellaris,Tocantins,Tocantins,slow,418.61342602305405,8,0.6595,0.1068
Cichl_Toc_10,Cichla_ocellaris,Tocantins,Tocantins,slow,544.4283836120283,9,0.9,0.6144
Cichl_Toc_10,Cichla_ocellaris,Tocantins,Tocantins,slow,517.8003849963376,10,0.8976,0.4039
Cichl_Toc_10,Cichla_ocellaris,Tocantins,Tocantins,slow,448.24024694818945,11,1.1873,0.636
Cichl_Toc_10,Cichla_ocellaris,Tocantins,Tocantins,slow,441.92381958418423,12,1.1697,0.3563
Cichl_Toc_11,Cichla_ocellaris,Tocantins,Tocantins,slow,580.9205530865909,1,-0.0205,0.5959
Cichl_Toc_11,Cichla_ocellaris,Tocantins,Tocantins,slow,499.32157318980904,2,0.11,0.465
Cichl_Toc_11,Cichla_ocellaris,Tocantins,Tocantins,slow,627.4280216462777,3,0.1472,0.6196
Cichl_Toc_11,Cichla_ocellaris,Tocantins,Tocantins,slow,536.0172070511021,4,0.2144,0.6426
Cichl_Toc_11,Cichla_ocellaris,Tocantins,Tocantins,slow,496.82610451503484,5,0.3562,0.85
Cichl_Toc_11,Cichla_ocellaris,Tocantins,Tocantins,slow,491.7740212815113,6,0.3283,0.2313
Cichl_Toc_11,Cichla_ocellaris,Tocantins,Tocantins,slow,480.7323587655943,7,0.5157,0.9214
Cichl_Toc_11,Cichla_ocellaris,Tocantins,Tocantins,slow,459.20444903224825,8,0.6449,0.1094
Cichl_Toc_11,Cichla_ocellaris,Tocantins,Tocantins,slow,611.0077303846717,9,0.8602,0.6192
Cichl_Toc_11,Cichla_ocellaris,Tocantins,Tocantins,slow,617.9568454248788,10,0.8628,0.4188
Cichl_Toc_11,Cichla_ocellaris,Tocantins,Tocantins,slow,517.3243177324002,11,1.1387,0.6448
Cichl_Toc_11,Cichla_ocellaris,Tocantins,Tocantins,slow,600.4909998503317,12,1.1666,0.3695
Cichl_Toc_12,Cichla_ocellaris,Tocantins,Tocantins,slow,506.12447512026654,1,0.0107,0.5887
Cichl_Toc_12,Cichla_ocellaris,Tocantins,Tocantins,slow,494.2955763485665,2,0.1317,0.4445
Cichl_Toc_12,Cichla_ocellaris,Tocantins,Tocantins,slow,627.2897525746881,3,0.1622,0.6278
Cichl_Toc_12,Cichla_ocellaris,Tocantins,Tocantins,slow,565.7534068697589,4,0.2359,0.6444
Cichl_Toc_12,Cichla_ocellaris,Tocantins,Tocantins,slow,477.15314086143684,5,0.3667,0.8408
Cichl_Toc_12,Cichla_ocellaris,Tocantins,Tocantins,slow,591.898117769134,6,0.3615,0.2399
Cichl_Toc_12,Cichla_ocellaris,Tocantins,Tocantins,slow,428.9602460409856,7,0.5553,0.9163
Cichl_Toc_12,Cichla_ocellaris,Tocantins,Tocantins,slow,516.9745026873618,8,0.6677,0.1004
Cichl_Toc_12,Cichla_ocellaris,Tocantins,Tocantins,slow,581.3038794040008,9,0.8856,0.6116
Cichl_Toc_12,Cichla_ocellaris,Tocantins,Tocantins,slow,590.8292056597311,10,0.9282,0.3952
Cichl_Toc_12,Cichla_ocellaris,Tocantins,Tocantins,slow,620.015714934332,11,1.2115,0.6573
Cichl_Toc_12,Cichla_ocellaris,Tocantins,Tocantins,slow,578.0511253225197,12,1.1984,0.3405
Cichl_Neg_01,Cichla_ocellaris,Negro,Negro,slow,559.7428941276191,1,-0.0066,0.5928
Cichl_Neg_01,Cichla_ocellaris,Negro,Negro,slow,526.2725532769763,2,0.1364,0.4447
Cichl_Neg_01,Cichla_ocellaris,Negro,Negro,slow,509.2729454005599,3,0.1667,0.6468
Cichl_Neg_01,Cichla_ocellaris,Negro,Negro,slow,434.2529595477881,4,0.2493,0.6339
Cichl_Neg_01,Cichla_ocellaris,Negro,Negro,slow,472.18547957948914,5,0.3942,0.8272
Cichl_Neg_01,Cichla_ocellaris,Negro,Negro,slow,608.2797237333376,6,0.3575,0.2372
Cichl_Neg_01,Cichla_ocellaris,Negro,Negro,slow,435.6376811747168,7,0.5518,0.91
Cichl_Neg_01,Cichla_ocellaris,Negro,Negro,slow,421.3873354520718,8,0.6721,0.0985
Cichl_Neg_01,Cichla_ocellaris,Negro,Negro,slow,601.6913116467283,9,0.9602,0.6248
Cichl_Neg_01,Cichla_ocellaris,Negro,Negro,slow,433.65463265789174,10,0.9504,0.4044
Cichl_Neg_01,Cichla_ocellaris,Negro,Negro,slow,416.86060131914826,11,1.2612,0.6432
Cichl_Neg_01,Cichla_ocellaris,Negro,Negro,slow,474.94280581115413,12,1.2794,0.3717
Cichl_Neg_02,Cichla_ocellaris,Negro,Negro,slow,466.79972938908776,1,-0.0014,0.5865
Cichl_Neg_02,Cichla_ocellaris,Negro,Negro,slow,548.2232544988453,2,0.1413,0.4383
Cichl_Neg_02,Cichla_ocellaris,Negro,Negro,slow,615.1923127714256,3,0.156,0.6164
Cichl_Neg_02,Cichla_ocellaris,Negro,Negro,slow,423.0570792213658,4,0.2226,0.6141
Cichl_Neg_02,Cichla_ocellaris,Negro,Negro,slow,460.20292678637463,5,0.3762,0.8437
Cichl_Neg_02,Cichla_ocellaris,Negro,Negro,slow,521.093148353995,6,0.3729,0.2377
Cichl_Neg_02,Cichla_ocellaris,Negro,Negro,slow,542.5632300546434,7,0.5739,0.9357
Cichl_Neg_02,Cichla_ocellaris,Negro,Negro,slow,601.0167520479795,8,0.6662,0.0852
Cichl_Neg_02,Cichla_ocellaris,Negro,Negro,slow,579.3544455958188,9,0.9174,0.6173
Cichl_Neg_02,Cichla_ocellaris,Negro,Negro,slow,412.45190611572775,10,0.9517,0.4184
Cichl_Neg_02,Cichla_ocellaris,Negro,Negro,slow,425.30570376676053,11,1.2361,0.6443
Cichl_Neg_02,Cichla_ocellaris,Negro,Negro,slow,583.0631029471068,12,1.2412,0.3515
Cichl_Neg_03,Cichla_ocellaris,Negro,Negro,slow,451.87149455335634,1,-0.016,0.6321
Cichl_Neg_03,Cichla_ocellaris,Negro,Negro,slow,615.3810565128505,2,0.136,0.4334
Cichl_Neg_03,Cichla_ocellaris,Negro,Negro,slow,483.8228066559532,3,0.1356,0.6244
Cichl_Neg_03,Cichla_ocellaris,Negro,Negro,slow,614.3411672206217,4,0.2355,0.6302
Cichl_Neg_03,Cichla_ocellaris,Negro,Negro,slow,566.007344319679,5,0.3672,0.8426
Cichl_Neg_03,Cichla_ocellaris,Negro,Negro,slow,509.29492708147484,6,0.3596,0.2544
Cichl_Neg_03,Cichla_ocellaris,Negro,Negro,slow,435.1026260267114,7,0.547,0.9365
Cichl_Neg_03,Cichla_ocellaris,Negro,Negro,slow,485.2414233908283,8,0.6565,0.1053
Cichl_Neg_03,Cichla_ocellaris,Negro,Negro,slow,622.3359756992671,9,0.887,0.6384
Cichl_Neg_03,Cichla_ocellaris,Negro,Negro,slow,606.0167513129933,10,0.8855,0.4111
Cichl_Neg_03,Cichla_ocellaris,Negro,Negro,slow,623.887709035829,11,1.194,0.6534
Cichl_Neg_03,Cichla_ocellaris,Negro,Negro,slow,601.82080495453,12,1.1909,0.3532
Cichl_Neg_04,Cichla_ocellaris,Negro,Negro,slow,498.7238148428977,1,0.0109,0.5835
Cichl_Neg_04,Cichla_ocellaris,Negro,Negro,slow,455.2111897541033,2,0.1299,0.451
Cichl_Neg_04,Cichla_ocellaris,Negro,Negro,slow,610.407837404773,3,0.1768,0.6358
Cichl_Neg_04,Cichla_ocellaris,Negro,Negro,slow,502.32210199249107,4,0.2657,0.6299
Cichl_Neg_04,Cichla_ocellaris,Negro,Negro,slow,596.0478599057125,5,0.3603,0.8311
Cichl_Neg_04,Cichla_ocellaris,Negro,Negro,slow,550.6881748204511,6,0.3831,0.2502
Cichl_Neg_04,Cichla_ocellaris,Negro,Negro,slow,615.5575816943666,7,0.5443,0.945
Cichl_Neg_04,Cichla_ocellaris,Negro,Negro,slow,615.9126688480331,8,0.6677,0.1132
Cichl_Neg_04,Cichla_ocellaris,Negro,Negro,slow,438.9899780059863,9,0.9163,0.6023
Cichl_Neg_04,Cichla_ocellaris,Negro,Negro,slow,542.5207351633688,10,0.9097,0.4157
Cichl_Neg_04,Cichla_ocellaris,Negro,Negro,slow,502.96376808089053,11,1.2074,0.6537
Cichl_Neg_04,Cichla_ocellaris,Negro,Negro,slow,480.02709840855755,12,1.2325,0.3528
Cichl_Neg_05,Cichla_ocellaris,Negro,Negro,slow,455.1196529087213,1,0.0031,0.618
Cichl_Neg_05,Cichla_ocellaris,Negro,Negro,slow,505.67796701245464,2,0.1283,0.457
Cichl_Neg_05,Cichla_ocellaris,Negro,Negro,slow,590.7779170746913,3,0.1741,0.6283
Cichl_Neg_05,Cichla_ocellaris,Negro,Negro,slow,618.6673391016394,4,0.237,0.6068
Cichl_Neg_05,Cichla_ocellaris,Negro,Negro,slow,420.76560592832925,5,0.3521,0.8479
Cichl_Neg_05,Cichla_ocellaris,Negro,Negro,slow,494.5304636646194,6,0.3416,0.2525
Cichl_Neg_05,Cichla_ocellaris,Negro,Negro,slow,605.7893381212971,7,0.5386,0.918
Cichl_Neg_05,Cichla_ocellaris,Negro,Negro,slow,421.3809970610415,8,0.6575,0.1076
Cichl_Neg_05,Cichla_ocellaris,Negro,Negro,slow,586.256648057513,9,0.8869,0.6144
Cichl_Neg_05,Cichla_ocellaris,Negro,Negro,slow,525.9723588646747,10,0.8815,0.4052
Cichl_Neg_05,Cichla_ocellaris,Negro,Negro,slow,578.1214995623016,11,1.1878,0.63
Cichl_Neg_05,Cichla_ocellaris,Negro,Negro,slow,580.7897083003279,12,1.1597,0.3534
Cichl_Neg_06,Cichla_ocellaris,Negro,Negro,slow,526.2564903246142,1,-0.0122,0.5954
Cichl_Neg_06,Cichla_ocellaris,Negro,Negro,slow,619.9770551324822,2,0.1123,0.465
Cichl_Neg_06,Cichla_ocellaris,Negro,Negro,slow,614.3473280763187,3,0.1603,0.64
Cichl_Neg_06,Cichla_ocellaris,Negro,Negro,slow,442.92617388510496,4,0.2024,0.6457
Cichl_Neg_06,Cichla_ocellaris,Negro,Negro,slow,620.4653981379105,5,0.3024,0.8538
Cichl_Neg_06,Cichla_ocellaris,Negro,Negro,slow,483.0603673084803,6,0.3203,0.2495
Cichl_Neg_06,Cichla_ocellaris,Negro,Negro,slow,493.48905917064803,7,0.498,0.9314
Cichl_Neg_06,Cichla_ocellaris,Negro,Negro,slow,617.4088289985583,8,0.5957,0.1013
Cichl_Neg_06,Cichla_ocellaris,Negro,Negro,slow,490.8281692248041,9,0.8164,0.6217
Cichl_Neg_06,Cichla_ocellaris,Negro,Negro,slow,601.9155912026664,10,0.7968,0.4172
Cichl_Neg_06,Cichla_ocellaris,Negro,Negro,slow,568.8569431461616,11,1.0951,0.6372
Cichl_Neg_06,Cichla_ocellaris,Negro,Negro,slow,482.03804517317,12,1.0915,0.3478
Cichl_Neg_07,Cichla_ocellaris,Negro,Negro,slow,588.1970133887036,1,-0.0138,0.6053
Cichl_Neg_07,Cichla_ocellaris,Negro,Negro,slow,413.02790986026133,2,0.1193,0.4479
Cichl_Neg_07,Cichla_ocellaris,Negro,Negro,slow,621.9176827854092,3,0.1306,0.6427
Cichl_Neg_07,Cichla_ocellaris,Negro,Negro,slow,428.26548788662706,4,0.2274,0.6162
Cichl_Neg_07,Cichla_ocellaris,Negro,Negro,slow,628.2142088613639,5,0.3439,0.8496
Cichl_Neg_07,Cichla_ocellaris,Negro,Negro,slow,477.458679522085,6,0.303,0.2481
Cichl_Neg_07,Cichla_ocellaris,Negro,Negro,slow,463.3438153580267,7,0.5146,0.936
Cichl_Neg_07,Cichla_ocellaris,Negro,Negro,slow,547.9413525523922,8,0.6235,0.1134
Cichl_Neg_07,Cichla_ocellaris,Negro,Negro,slow,409.82140037079785,9,0.8487,0.6217
Cichl_Neg_07,Cichla_ocellaris,Negro,Negro,slow,494.0439854966836,10,0.8481,0.4248
Cichl_Neg_07,Cichla_ocellaris,Negro,Negro,slow,510.51955267159497,11,1.1299,0.6339
Cichl_Neg_07,Cichla_ocellaris,Negro,Negro,slow,529.8155316915565,12,1.1213,0.3399
Cichl_Neg_08,Cichla_ocellaris,Negro,Negro,slow,436.43816831701736,1,0.0102,0.6174
Cichl_Neg_08,Cichla_ocellaris,Negro,Negro,slow,469.33656793247997,2,0.1309,0.4567
Cichl_Neg_08,Cichla_ocellaris,Negro,Negro,slow,479.9853607220516,3,0.1533,0.5975
Cichl_Neg_08,Cichla_ocellaris,Negro,Negro,slow,466.9385301072458,4,0.2522,0.6328
Cichl_Neg_08,Cichla_ocellaris,Negro,Negro,slow,573.4503575745159,5,0.3467,0.8462
Cichl_Neg_08,Cichla_ocellaris,Negro,Negro,slow,452.6945362009624,6,0.3482,0.2494
Cichl_Neg_08,Cichla_ocellaris,Negro,Negro,slow,592.8473552648275,7,0.5322,0.93
Cichl_Neg_08,Cichla_ocellaris,Negro,Negro,slow,568.8749962942328,8,0.6433,0.1091
Cichl_Neg_08,Cichla_ocellaris,Negro,Negro,slow,548.1193016789429,9,0.8623,0.635
Cichl_Neg_08,Cichla_ocellaris,Negro,Negro,slow,454.9977186665688,10,0.878,0.3999
Cichl_Neg_08,Cichla_ocellaris,Negro,Negro,slow,582.8402907167892,11,1.1973,0.656
Cichl_Neg_08,Cichla_ocellaris,Negro,Negro,slow,409.11472386000077,12,1.1847,0.3509
Cichl_Neg_09,Cichla_ocellaris,Negro,Negro,slow,521.6989702000601,1,-0.0124,0.6013
Cichl_Neg_09,Cichla_ocellaris,Negro,Negro,slow,499.0722240522349,2,0.1084,0.4374
Cichl_Neg_09,Cichla_ocellaris,Negro,Negro,slow,570.6147121959114,3,0.1394,0.632
Cichl_Neg_09,Cichla_ocellaris,Negro,Negro,slow,522.7415358976868,4,0.2056,0.6249
Cichl_Neg_09,Cichla_ocellaris,Negro,Negro,slow,565.5747363674631,5,0.3358,0.8494
Cichl_Neg_09,Cichla_ocellaris,Negro,Negro,slow,460.84222816076726,6,0.347,0.2597
Cichl_Neg_09,Cichla_ocellaris,Negro,Negro,slow,486.7772899291223,7,0.477,0.9388
Cichl_Neg_09,Cichla_ocellaris,Negro,Negro,slow,564.1133340854894,8,0.608,0.0791
Cichl_Neg_09,Cichla_ocellaris,Negro,Negro,slow,531.0770935680555,9,0.8437,0.642
Cichl_Neg_09,Cichla_ocellaris,Negro,Negro,slow,566.5888653503655,10,0.8126,0.4214
Cichl_Neg_09,Cichla_ocellaris,Negro,Negro,slow,540.2417216438361,11,1.1014,0.657
Cichl_Neg_09,Cichla_ocellaris,Negro,Negro,slow,498.95139316555435,12,1.0932,0.3676
Cichl_Neg_10,Cichla_ocellaris,Negro,Negro,slow,507.7724684656979,1,-0.0228,0.5853
Cichl_Neg_10,Cichla_ocellaris,Negro,Negro,slow,547.0867086382882,2,0.1025,0.4736
Cichl_Neg_10,Cichla_ocellaris,Negro,Negro,slow,422.9629104494859,3,0.1703,0.6021
Cichl_Neg_10,Cichla_ocellaris,Negro,Negro,slow,574.9350736361798,4,0.2689,0.6417
Cichl_Neg_10,Cichla_ocellaris,Negro,Negro,slow,600.0949129209916,5,0.3678,0.8222
Cichl_Neg_10,Cichla_ocellaris,Negro,Negro,slow,471.99080536987736,6,0.3888,0.2364
Cichl_Neg_10,Cichla_ocellaris,Negro,Negro,slow,438.718201368362,7,0.5854,0.9425
Cichl_Neg_10,Cichla_ocellaris,Negro,Negro,slow,589.7737542425439,8,0.6805,0.1199
Cichl_Neg_10,Cichla_ocellaris,Negro,Negro,slow,604.9878443390106,9,0.9566,0.6447
Cichl_Neg_10,Cichla_ocellaris,Negro,Negro,slow,453.0602004030753,10,0.9757,0.4137
Cichl_Neg_10,Cichla_ocellaris,Negro,Negro,slow,431.30275534008894,11,1.2621,0.6302
Cichl_Neg_10,Cichla_ocellaris,Negro,Negro,slow,470.4342836094056,12,1.2649,0.3497
Cichl_Neg_11,Cichla_ocellaris,Negro,Negro,slow,607.0636766561448,1,-0.0185,0.5958
Cichl_Neg_11,Cichla_ocellaris,Negro,Negro,slow,509.4457209597813,2,0.1295,0.4568
Cichl_Neg_11,Cichla_ocellaris,Negro,Negro,slow,552.5093207011394,3,0.1533,0.6292
Cichl_Neg_11,Cichla_ocellaris,Negro,Negro,slow,545.2587693149675,4,0.2349,0.6405
Cichl_Neg_11,Cichla_ocellaris,Negro,Negro,slow,616.9910235152757,5,0.3546,0.8472
Cichl_Neg_11,Cichla_ocellaris,Negro,Negro,slow,512.4303358638608,6,0.3648,0.2291
Cichl_Neg_11,Cichla_ocellaris,Negro,Negro,slow,603.8981147562251,7,0.5224,0.9183
Cichl_Neg_11,Cichla_ocellaris,Negro,Negro,slow,491.05318416830767,8,0.6484,0.0902
Cichl_Neg_11,Cichla_ocellaris,Negro,Negro,slow,480.4086015468537,9,0.8602,0.628
Cichl_Neg_11,Cichla_ocellaris,Negro,Negro,slow,620.3040391097786,10,0.87,0.4419
Cichl_Neg_11,Cichla_ocellaris,Negro,Negro,slow,531.6352308283665,11,1.1563,0.6613
Cichl_Neg_11,Cichla_ocellaris,Negro,Negro,slow,452.6491951347715,12,1.17,0.3515
Cichl_Neg_12,Cichla_ocellaris,Negro,Negro,slow,604.4063276861095,1,-0.0021,0.5973
Cichl_Neg_12,Cichla_ocellaris,Negro,Negro,slow,408.5487515612422,2,0.1249,0.4478
Cichl_Neg_12,Cichla_ocellaris,Negro,Negro,slow,615.67520059791,3,0.1595,0.6259
Cichl_Neg_12,Cichla_ocellaris,Negro,Negro,slow,579.3508127983719,4,0.2462,0.6194
Cichl_Neg_12,Cichla_ocellaris,Negro,Negro,slow,547.4312741924131,5,0.3445,0.8559
Cichl_Neg_12,Cichla_ocellaris,Negro,Negro,slow,502.64713180308127,6,0.3607,0.2485
Cichl_Neg_12,Cichla_ocellaris,Negro,Negro,slow,623.5045586034998,7,0.5327,0.9205
Cichl_Neg_12,Cichla_ocellaris,Negro,Negro,slow,547.005203766987,8,0.7052,0.116
Cichl_Neg_12,Cichla_ocellaris,Negro,Negro,slow,573.6829307231343,9,0.9197,0.6061
Cichl_Neg_12,Cichla_ocellaris,Negro,Negro,slow,494.31510474761615,10,0.9114,0.4332
Cichl_Neg_12,Cichla_ocellaris,Negro,Negro,slow,501.8757227469705,11,1.1892,0.6721
Cichl_Neg_12,Cichla_ocellaris,Negro,Negro,slow,602.1821122161175,12,1.2075,0.3762
Hopli_Tap_01,Hoplias_malabaricus,Tapajos,Tapajos,fast,441.2300618352582,1,-0.0004,0.5711
Hopli_Tap_01,Hoplias_malabaricus,Tapajos,Tapajos,fast,497.70319379366936,2,0.1342,0.4517
Hopli_Tap_01,Hoplias_malabaricus,Tapajos,Tapajos,fast,551.8210982174913,3,0.1862,0.6275
Hopli_Tap_01,Hoplias_malabaricus,Tapajos,Tapajos,fast,525.9527465652436,4,0.3108,0.635
Hopli_Tap_01,Hoplias_malabaricus,Tapajos,Tapajos,fast,450.52142429910884,5,0.4625,0.768
Hopli_Tap_01,Hoplias_malabaricus,Tapajos,Tapajos,fast,378.6811563847909,6,0.4572,0.3309
Hopli_Tap_01,Hoplias_malabaricus,Tapajos,Tapajos,fast,470.5801274828666,7,0.7368,0.8448
Hopli_Tap_01,Hoplias_malabaricus,Tapajos,Tapajos,fast,521.2420930504238,8,0.8884,0.2002
Hopli_Tap_01,Hoplias_malabaricus,Tapajos,Tapajos,fast,499.19471208372227,9,1.1707,0.6376
Hopli_Tap_01,Hoplias_malabaricus,Tapajos,Tapajos,fast,457.1471108396,10,1.1754,0.4162
Hopli_Tap_01,Hoplias_malabaricus,Tapajos,Tapajos,fast,379.2342026621782,11,1.5389,0.6731
Hopli_Tap_01,Hoplias_malabaricus,Tapajos,Tapajos,fast,543.1012085037155,12,1.5639,0.3217
Hopli_Tap_02,Hoplias_malabaricus,Tapajos,Tapajos,fast,366.5644848597087,1,0.0099,0.5459
Hopli_Tap_02,Hoplias_malabaricus,Tapajos,Tapajos,fast,436.55227480745367,2,0.1335,0.4669
Hopli_Tap_02,Hoplias_malabaricus,Tapajos,Tapajos,fast,400.6579515023753,3,0.1624,0.6393
Hopli_Tap_02,Hoplias_malabaricus,Tapajos,Tapajos,fast,410.5117402311459,4,0.2579,0.6142
Hopli_Tap_02,Hoplias_malabaricus,Tapajos,Tapajos,fast,438.83884939109487,5,0.3844,0.7756
Hopli_Tap_02,Hoplias_malabaricus,Tapajos,Tapajos,fast,498.7735677640341,6,0.4064,0.2953
Hopli_Tap_02,Hoplias_malabaricus,Tapajos,Tapajos,fast,471.10904976960285,7,0.6313,0.8119
Hopli_Tap_02,Hoplias_malabaricus,Tapajos,Tapajos,fast,477.54316945002097,8,0.7607,0.2
Hopli_Tap_02,Hoplias_malabaricus,Tapajos,Tapajos,fast,405.36309974967793,9,1.0446,0.6117
Hopli_Tap_02,Hoplias_malabaricus,Tapajos,Tapajos,fast,457.73141640232814,10,1.0408,0.438
Hopli_Tap_02,Hoplias_malabaricus,Tapajos,Tapajos,fast,455.48226171469366,11,1.3832,0.6684
Hopli_Tap_02,Hoplias_malabaricus,Tapajos,Tapajos,fast,448.21848538325975,12,1.3789,0.322
Hopli_Tap_03,Hoplias_malabaricus,Tapajos,Tapajos,fast,476.9188481777686,1,0.0007,0.5435
Hopli_Tap_03,Hoplias_malabaricus,Tapajos,Tapajos,fast,465.16474243257477,2,0.1508,0.4557
Hopli_Tap_03,Hoplias_malabaricus,Tapajos,Tapajos,fast,460.0874429865224,3,0.1837,0.6384
Hopli_Tap_03,Hoplias_malabaricus,Tapajos,Tapajos,fast,489.5598985190869,4,0.2737,0.631
Hopli_Tap_03,Hoplias_malabaricus,Tapajos,Tapajos,fast,409.326011510026,5,0.424,0.7623
Hopli_Tap_03,Hoplias_malabaricus,Tapajos,Tapajos,fast,552.3154549796969,6,0.4381,0.3031
Hopli_Tap_03,Hoplias_malabaricus,Tapajos,Tapajos,fast,375.5933887721401,7,0.6745,0.8248
Hopli_Tap_03,Hoplias_malabaricus,Tapajos,Tapajos,fast,395.4173818149519,8,0.835,0.2189
Hopli_Tap_03,Hoplias_malabaricus,Tapajos,Tapajos,fast,477.2929537346456,9,1.129,0.6024
Hopli_Tap_03,Hoplias_malabaricus,Tapajos,Tapajos,fast,409.80373340791414,10,1.0954,0.4059
Hopli_Tap_03,Hoplias_malabaricus,Tapajos,Tapajos,fast,550.1658641708439,11,1.4486,0.7042
Hopli_Tap_03,Hoplias_malabaricus,Tapajos,Tapajos,fast,470.0406466440936,12,1.4545,0.3303
Hopli_Tap_04,Hoplias_malabaricus,Tapajos,Tapajos,fast,443.6009255017271,1,-0.0038,0.5421
Hopli_Tap_04,Hoplias_malabaricus,Tapajos,Tapajos,fast,515.6812896410531,2,0.1388,0.4483
Hopli_Tap_04,Hoplias_malabaricus,Tapajos,Tapajos,fast,385.2116241100569,3,0.1801,0.6261
Hopli_Tap_04,Hoplias_malabaricus,Tapajos,Tapajos,fast,422.30163226102667,4,0.2864,0.6254
Hopli_Tap_04,Hoplias_malabaricus,Tapajos,Tapajos,fast,463.4937906262693,5,0.3949,0.7685
Hopli_Tap_04,Hoplias_malabaricus,Tapajos,Tapajos,fast,508.5529274610377,6,0.4166,0.2815
Hopli_Tap_04,Hoplias_malabaricus,Tapajos,Tapajos,fast,405.14570681767844,7,0.66,0.8156
Hopli_Tap_04,Hoplias_malabaricus,Tapajos,Tapajos,fast,441.7270662263861,8,0.7889,0.1879
Hopli_Tap_04,Hoplias_malabaricus,Tapajos,Tapajos,fast,374.73648226575176,9,1.0515,0.6323
Hopli_Tap_04,Hoplias_malabaricus,Tapajos,Tapajos,fast,469.9113412463101,10,1.0394,0.4331
Hopli_Tap_04,Hoplias_malabaricus,Tapajos,Tapajos,fast,495.40881060967206,11,1.3998,0.6716
Hopli_Tap_04,Hoplias_malabaricus,Tapajos,Tapajos,fast,453.42417322784445,12,1.4037,0.3375
Hopli_Tap_05,Hoplias_malabaricus,Tapajos,Tapajos,fast,482.22619459903393,1,0.0001,0.5456
Hopli_Tap_05,Hoplias_malabaricus,Tapajos,Tapajos,fast,513.1664626743519,2,0.1176,0.4591
Hopli_Tap_05,Hoplias_malabaricus,Tapajos,Tapajos,fast,505.27021026695047,3,0.1693,0.6295
Hopli_Tap_05,Hoplias_malabaricus,Tapajos,Tapajos,fast,482.15572397791686,4,0.246,0.6235
Hopli_Tap_05,Hoplias_malabaricus,Tapajos,Tapajos,fast,494.8327802996292,5,0.3962,0.7677
Hopli_Tap_05,Hoplias_malabaricus,Tapajos,Tapajos,fast,401.26290407286007,6,0.381,0.3077
Hopli_Tap_05,Hoplias_malabaricus,Tapajos,Tapajos,fast,378.7912173635301,7,0.6334,0.8435
Hopli_Tap_05,Hoplias_malabaricus,Tapajos,Tapajos,fast,364.38586840629904,8,0.7639,0.209
Hopli_Tap_05,Hoplias_malabaricus,Tapajos,Tapajos,fast,516.9648438113455,9,1.0204,0.6086
Hopli_Tap_05,Hoplias_malabaricus,Tapajos,Tapajos,fast,525.2684535068571,10,1.0172,0.4223
Hopli_Tap_05,Hoplias_malabaricus,Tapajos,Tapajos,fast,450.2932012936609,11,1.3279,0.6541
Hopli_Tap_05,Hoplias_malabaricus,Tapajos,Tapajos,fast,516.0623708821781,12,1.3404,0.3396
Hopli_Tap_06,Hoplias_malabaricus,Tapajos,Tapajos,fast,491.78223912545343,1,-0.0141,0.5301
Hopli_Tap_06,Hoplias_malabaricus,Tapajos,Tapajos,fast,448.1428699360407,2,0.1436,0.4847
Hopli_Tap_06,Hoplias_malabaricus,Tapajos,Tapajos,fast,412.84100206697696,3,0.1741,0.6274
Hopli_Tap_06,Hoplias_malabaricus,Tapajos,Tapajos,fast,499.24768486133956,4,0.2941,0.6337
Hopli_Tap_06,Hoplias_malabaricus,Tapajos,Tapajos,fast,423.63050107159034,5,0.4435,0.7314
Hopli_Tap_06,Hoplias_malabaricus,Tapajos,Tapajos,fast,537.6509477166751,6,0.4615,0.3312
Hopli_Tap_06,Hoplias_malabaricus,Tapajos,Tapajos,fast,465.9097932775737,7,0.7361,0.8079
Hopli_Tap_06,Hoplias_malabaricus,Tapajos,Tapajos,fast,545.7037097232128,8,0.8638,0.2034
Hopli_Tap_06,Hoplias_malabaricus,Tapajos,Tapajos,fast,456.99528107330343,9,1.1628,0.6366
Hopli_Tap_06,Hoplias_malabaricus,Tapajos,Tapajos,fast,543.8024208032526,10,1.1765,0.4219
Hopli_Tap_06,Hoplias_malabaricus,Tapajos,Tapajos,fast,446.9847591061029,11,1.5357,0.6754
Hopli_Tap_06,Hoplias_malabaricus,Tapajos,Tapajos,fast,402.98503943385435,12,1.56,0.3361
Hopli_Tap_07,Hoplias_malabaricus,Tapajos,Tapajos,fast,547.6552156783689,1,0.004,0.5545
Hopli_Tap_07,Hoplias_malabaricus,Tapajos,Tapajos,fast,512.014065328503,2,0.1692,0.4616
Hopli_Tap_07,Hoplias_malabaricus,Tapajos,Tapajos,fast,455.1682129784601,3,0.2107,0.6259
Hopli_Tap_07,Hoplias_malabaricus,Tapajos,Tapajos,fast,486.7637216637627,4,0.2934,0.6382
Hopli_Tap_07,Hoplias_malabaricus,Tapajos,Tapajos,fast,540.8847286239329,5,0.45,0.7735
Hopli_Tap_07,Hoplias_malabaricus,Tapajos,Tapajos,fast,385.9724358682106,6,0.4486,0.3139
Hopli_Tap_07,Hoplias_malabaricus,Tapajos,Tapajos,fast,382.19569700218506,7,0.7132,0.8202
Hopli_Tap_07,Hoplias_malabaricus,Tapajos,Tapajos,fast,481.91675389489006,8,0.8718,0.1733
Hopli_Tap_07,Hoplias_malabaricus,Tapajos,Tapajos,fast,491.8151254281375,9,1.1742,0.6149
Hopli_Tap_07,Hoplias_malabaricus,Tapajos,Tapajos,fast,360.31033189961255,10,1.1695,0.4207
Hopli_Tap_07,Hoplias_malabaricus,Tapajos,Tapajos,fast,362.66377325855984,11,1.5139,0.6655
Hopli_Tap_07,Hoplias_malabaricus,Tapajos,Tapajos,fast,517.2046258858818,12,1.5239,0.3328
Hopli_Tap_08,Hoplias_malabaricus,Tapajos,Tapajos,fast,524.8012620598188,1,-0.0016,0.5557
Hopli_Tap_08,Hoplias_malabaricus,Tapajos,Tapajos,fast,446.70177206701226,2,0.1185,0.4415
Hopli_Tap_08,Hoplias_malabaricus,Tapajos,Tapajos,fast,515.0471120890554,3,0.1888,0.6308
Hopli_Tap_08,Hoplias_malabaricus,Tapajos,Tapajos,fast,474.64188181467034,4,0.2401,0.6249
Hopli_Tap_08,Hoplias_malabaricus,Tapajos,Tapajos,fast,411.40952667471845,5,0.4012,0.7622
Hopli_Tap_08,Hoplias_malabaricus,Tapajos,Tapajos,fast,409.3746290082112,6,0.4145,0.32
Hopli_Tap_08,Hoplias_malabaricus,Tapajos,Tapajos,fast,540.1740693531467,7,0.6193,0.8375
Hopli_Tap_08,Hoplias_malabaricus,Tapajos,Tapajos,fast,420.61115334884215,8,0.7488,0.2061
Hopli_Tap_08,Hoplias_malabaricus,Tapajos,Tapajos,fast,467.5204002019875,9,1.0123,0.6301
Hopli_Tap_08,Hoplias_malabaricus,Tapajos,Tapajos,fast,527.2194055797663,10,1.007,0.4201
Hopli_Tap_08,Hoplias_malabaricus,Tapajos,Tapajos,fast,472.8087095799864,11,1.3375,0.6597
Hopli_Tap_08,Hoplias_malabaricus,Tapajos,Tapajos,fast,380.5944471652584,12,1.3292,0.3174
Hopli_Tap_09,Hoplias_malabaricus,Tapajos,Tapajos,fast,381.7300258213245,1,-0.0055,0.5731
Hopli_Tap_09,Hoplias_malabaricus,Tapajos,Tapajos,fast,450.73204951393,2,0.1328,0.4383
Hopli_Tap_09,Hoplias_malabaricus,Tapajos,Tapajos,fast,387.3771576140849,3,0.2068,0.6349
Hopli_Tap_09,Hoplias_malabaricus,Tapajos,Tapajos,fast,446.5442815107269,4,0.2684,0.6303
Hopli_Tap_09,Hoplias_malabaricus,Tapajos,Tapajos,fast,473.9328057620021,5,0.4461,0.7692
Hopli_Tap_09,Hoplias_malabaricus,Tapajos,Tapajos,fast,550.1515485013836,6,0.4266,0.2985
Hopli_Tap_09,Hoplias_malabaricus,Tapajos,Tapajos,fast,489.50433658837267,7,0.7055,0.8248
Hopli_Tap_09,Hoplias_malabaricus,Tapajos,Tapajos,fast,459.5556955994813,8,0.8512,0.208
Hopli_Tap_09,Hoplias_malabaricus,Tapajos,Tapajos,fast,476.37722147655523,9,1.1723,0.6102
Hopli_Tap_09,Hoplias_malabaricus,Tapajos,Tapajos,fast,502.2526259852063,10,1.1575,0.4162
Hopli_Tap_09,Hoplias_malabaricus,Tapajos,Tapajos,fast,498.6519095045851,11,1.5316,0.6674
Hopli_Tap_09,Hoplias_malabaricus,Tapajos,Tapajos,fast,452.9709934515472,12,1.5356,0.311
Hopli_Tap_10,Hoplias_malabaricus,Tapajos,Tapajos,fast,409.66497696288883,1,-0.0109,0.5408
Hopli_Tap_10,Hoplias_malabaricus,Tapajos,Tapajos,fast,531.6466251107724,2,0.1309,0.4607
Hopli_Tap_10,Hoplias_malabaricus,Tapajos,Tapajos,fast,433.0122874205302,3,0.1598,0.6248
Hopli_Tap_10,Hoplias_malabaricus,Tapajos,Tapajos,fast,495.03492444715914,4,0.2484,0.6134
Hopli_Tap_10,Hoplias_malabaricus,Tapajos,Tapajos,fast,471.2150441859126,5,0.3802,0.763
Hopli_Tap_10,Hoplias_malabaricus,Tapajos,Tapajos,fast,457.06293426969444,6,0.3987,0.3024
Hopli_Tap_10,Hoplias_malabaricus,Tapajos,Tapajos,fast,400.9055254612513,7,0.6238,0.8262
Hopli_Tap_10,Hoplias_malabaricus,Tapajos,Tapajos,fast,502.7751558809476,8,0.7786,0.1887
Hopli_Tap_10,Hoplias_malabaricus,Tapajos,Tapajos,fast,401.5003683848332,9,1.031,0.6217
Hopli_Tap_10,Hoplias_malabaricus,Tapajos,Tapajos,fast,380.9956359027618,10,1.0083,0.4203
Hopli_Tap_10,Hoplias_malabaricus,Tapajos,Tapajos,fast,533.0130666192301,11,1.3311,0.6728
Hopli_Tap_10,Hoplias_malabaricus,Tapajos,Tapajos,fast,539.0697098760564,12,1.3704,0.3242
Hopli_Tap_11,Hoplias_malabaricus,Tapajos,Tapajos,fast,371.3554207976384,1,0.0072,0.5607
Hopli_Tap_11,Hoplias_malabaricus,Tapajos,Tapajos,fast,522.5791045487305,2,0.1712,0.4592
Hopli_Tap_11,Hoplias_malabaricus,Tapajos,Tapajos,fast,537.9242446363547,3,0.1951,0.6208
Hopli_Tap_11,Hoplias_malabaricus,Tapajos,Tapajos,fast,358.6550569756407,4,0.3084,0.6088
Hopli_Tap_11,Hoplias_malabaricus,Tapajos,Tapajos,fast,372.01548390996106,5,0.4917,0.7521
Hopli_Tap_11,Hoplias_malabaricus,Tapajos,Tapajos,fast,357.7670076540949,6,0.4607,0.2898
Hopli_Tap_11,Hoplias_malabaricus,Tapajos,Tapajos,fast,483.1339125842975,7,0.759,0.8184
Hopli_Tap_11,Hoplias_malabaricus,Tapajos,Tapajos,fast,429.1212468868505,8,0.9037,0.1936
Hopli_Tap_11,Hoplias_malabaricus,Tapajos,Tapajos,fast,450.3466091207408,9,1.19,0.6128
Hopli_Tap_11,Hoplias_malabaricus,Tapajos,Tapajos,fast,496.27779493510855,10,1.21,0.4331
Hopli_Tap_11,Hoplias_malabaricus,Tapajos,Tapajos,fast,496.3996115675755,11,1.5852,0.6568
Hopli_Tap_11,Hoplias_malabaricus,Tapajos,Tapajos,fast,438.6556810422652,12,1.5847,0.3363
Hopli_Tap_12,Hoplias_malabaricus,Tapajos,Tapajos,fast,537.0955055235988,1,0.0135,0.5387
Hopli_Tap_12,Hoplias_malabaricus,Tapajos,Tapajos,fast,509.49083295925135,2,0.1336,0.4258
Hopli_Tap_12,Hoplias_malabaricus,Tapajos,Tapajos,fast,378.25187043389474,3,0.1993,0.6141
Hopli_Tap_12,Hoplias_malabaricus,Tapajos,Tapajos,fast,509.07346502172186,4,0.3097,0.6342
Hopli_Tap_12,Hoplias_malabaricus,Tapajos,Tapajos,fast,448.1777068232097,5,0.4288,0.7768
Hopli_Tap_12,Hoplias_malabaricus,Tapajos,Tapajos,fast,536.4186863633835,6,0.4278,0.3209
Hopli_Tap_12,Hoplias_malabaricus,Tapajos,Tapajos,fast,383.1597090641713,7,0.7205,0.8385
Hopli_Tap_12,Hoplias_malabaricus,Tapajos,Tapajos,fast,452.2739337418333,8,0.8649,0.1902
Hopli_Tap_12,Hoplias_malabaricus,Tapajos,Tapajos,fast,447.77076765960487,9,1.1454,0.6216
Hopli_Tap_12,Hoplias_malabaricus,Tapajos,Tapajos,fast,400.4260006998096,10,1.1556,0.4083
Hopli_Tap_12,Hoplias_malabaricus,Tapajos,Tapajos,fast,468.04702956843806,11,1.5086,0.6788
Hopli_Tap_12,Hoplias_malabaricus,Tapajos,Tapajos,fast,496.10543143107225,12,1.5119,0.3377
Hopli_Xin_01,Hoplias_malabaricus,Xingu,Xingu,fast,518.6556609845259,1,0.0097,0.5563
Hopli_Xin_01,Hoplias_malabaricus,Xingu,Xingu,fast,481.70730273714616,2,0.1744,0.4453
Hopli_Xin_01,Hoplias_malabaricus,Xingu,Xingu,fast,406.2562954192162,3,0.195,0.6248
Hopli_Xin_01,Hoplias_malabaricus,Xingu,Xingu,fast,375.17217419312806,4,0.3142,0.6443
Hopli_Xin_01,Hoplias_malabaricus,Xingu,Xingu,fast,450.02988423591694,5,0.4824,0.7673
Hopli_Xin_01,Hoplias_malabaricus,Xingu,Xingu,fast,501.2400316204844,6,0.4725,0.288
Hopli_Xin_01,Hoplias_malabaricus,Xingu,Xingu,fast,535.051325817583,7,0.7575,0.8206
Hopli_Xin_01,Hoplias_malabaricus,Xingu,Xingu,fast,362.2997379110267,8,0.8914,0.2181
Hopli_Xin_01,Hoplias_malabaricus,Xingu,Xingu,fast,443.7040188585516,9,1.187,0.631
Hopli_Xin_01,Hoplias_malabaricus,Xingu,Xingu,fast,526.1846414094325,10,1.1873,0.4236
Hopli_Xin_01,Hoplias_malabaricus,Xingu,Xingu,fast,494.4027155878945,11,1.5925,0.6761
Hopli_Xin_01,Hoplias_malabaricus,Xingu,Xingu,fast,358.0669802662743,12,1.5655,0.2998
Hopli_Xin_02,Hoplias_malabaricus,Xingu,Xingu,fast,525.4198105680506,1,0.0003,0.544
Hopli_Xin_02,Hoplias_malabaricus,Xingu,Xingu,fast,471.5978496270006,2,0.155,0.4619
Hopli_Xin_02,Hoplias_malabaricus,Xingu,Xingu,fast,546.1078592288568,3,0.2099,0.6359
Hopli_Xin_02,Hoplias_malabaricus,Xingu,Xingu,fast,552.4606869849358,4,0.3142,0.6268
Hopli_Xin_02,Hoplias_malabaricus,Xingu,Xingu,fast,359.32594698223477,5,0.4579,0.7595
Hopli_Xin_02,Hoplias_malabaricus,Xingu,Xingu,fast,407.5289378609823,6,0.4688,0.3162
Hopli_Xin_02,Hoplias_malabaricus,Xingu,Xingu,fast,541.8451882254056,7,0.7474,0.8382
Hopli_Xin_02,Hoplias_malabaricus,Xingu,Xingu,fast,491.9904791309242,8,0.9145,0.2295
Hopli_Xin_02,Hoplias_malabaricus,Xingu,Xingu,fast,541.0208165524765,9,1.1998,0.6164
Hopli_Xin_02,Hoplias_malabaricus,Xingu,Xingu,fast,452.70890441338554,10,1.2136,0.416
Hopli_Xin_02,Hoplias_malabaricus,Xingu,Xingu,fast,365.1202859894977,11,1.6103,0.6632
Hopli_Xin_02,Hoplias_malabaricus,Xingu,Xingu,fast,423.08275443414084,12,1.6262,0.3049
Hopli_Xin_03,Hoplias_malabaricus,Xingu,Xingu,fast,465.01006641714457,1,-0.0092,0.5675
Hopli_Xin_03,Hoplias_malabaricus,Xingu,Xingu,fast,460.274020839212,2,0.1268,0.4688
Hopli_Xin_03,Hoplias_malabaricus,Xingu,Xingu,fast,390.1887788190408,3,0.1585,0.6293
Hopli_Xin_03,Hoplias_malabaricus,Xingu,Xingu,fast,453.9467104404662,4,0.2521,0.628
Hopli_Xin_03,Hoplias_malabaricus,Xingu,Xingu,fast,368.7623772162491,5,0.3839,0.7581
Hopli_Xin_03,Hoplias_malabaricus,Xingu,Xingu,fast,408.1685005937039,6,0.3902,0.333
Hopli_Xin_03,Hoplias_malabaricus,Xingu,Xingu,fast,369.95764050330416,7,0.6339,0.8286
Hopli_Xin_03,Hoplias_malabaricus,Xingu,Xingu,fast,438.77131818221784,8,0.7719,0.198
Hopli_Xin_03,Hoplias_malabaricus,Xingu,Xingu,fast,460.50507055869645,9,1.0341,0.628
Hopli_Xin_03,Hoplias_malabaricus,Xingu,Xingu,fast,364.43462473772695,10,1.045,0.4189
Hopli_Xin_03,Hoplias_malabaricus,Xingu,Xingu,fast,483.09811387806354,11,1.3766,0.6852
Hopli_Xin_03,Hoplias_malabaricus,Xingu,Xingu,fast,468.8512290177076,12,1.3598,0.345
Hopli_Xin_04,Hoplias_malabaricus,Xingu,Xingu,fast,361.43286508050994,1,-0.0102,0.5497
Hopli_Xin_04,Hoplias_malabaricus,Xingu,Xingu,fast,508.2928070442052,2,0.1669,0.4465
Hopli_Xin_04,Hoplias_malabaricus,Xingu,Xingu,fast,495.5346777871939,3,0.1921,0.6217
Hopli_Xin_04,Hoplias_malabaricus,Xingu,Xingu,fast,513.7062812752575,4,0.3058,0.6183
Hopli_Xin_04,Hoplias_malabaricus,Xingu,Xingu,fast,373.57613998271574,5,0.4607,0.7686
Hopli_Xin_04,Hoplias_malabaricus,Xingu,Xingu,fast,481.11418173891485,6,0.456,0.3217
Hopli_Xin_04,Hoplias_malabaricus,Xingu,Xingu,fast,408.000722235844,7,0.724,0.8293
Hopli_Xin_04,Hoplias_malabaricus,Xingu,Xingu,fast,359.01715847990636,8,0.868,0.2115
Hopli_Xin_04,Hoplias_malabaricus,Xingu,Xingu,fast,508.63926186456047,9,1.1468,0.6091
Hopli_Xin_04,Hoplias_malabaricus,Xingu,Xingu,fast,468.676425014506,10,1.1673,0.4253
Hopli_Xin_04,Hoplias_malabaricus,Xingu,Xingu,fast,451.37452287645965,11,1.5491,0.6593
Hopli_Xin_04,Hoplias_malabaricus,Xingu,Xingu,fast,374.1970051566108,12,1.5564,0.3224
Hopli_Xin_05,Hoplias_malabaricus,Xingu,Xingu,fast,459.4811528183172,1,-0.0081,0.5488
Hopli_Xin_05,Hoplias_malabaricus,Xingu,Xingu,fast,545.6100249038607,2,0.1427,0.4469
Hopli_Xin_05,Hoplias_malabaricus,Xingu,Xingu,fast,511.69446269956126,3,0.1747,0.6255
Hopli_Xin_05,Hoplias_malabaricus,Xingu,Xingu,fast,417.15292913611023,4,0.2966,0.6465
Hopli_Xin_05,Hoplias_malabaricus,Xingu,Xingu,fast,386.6076386087756,5,0.4416,0.7728
Hopli_Xin_05,Hoplias_malabaricus,Xingu,Xingu,fast,360.7263559300904,6,0.4238,0.3145
Hopli_Xin_05,Hoplias_malabaricus,Xingu,Xingu,fast,514.6682499498539,7,0.7141,0.831
Hopli_Xin_05,Hoplias_malabaricus,Xingu,Xingu,fast,362.2883716392207,8,0.8182,0.2119
Hopli_Xin_05,Hoplias_malabaricus,Xingu,Xingu,fast,467.27996673858263,9,1.1386,0.621
Hopli_Xin_05,Hoplias_malabaricus,Xingu,Xingu,fast,528.8030189384829,10,1.1285,0.4154
Hopli_Xin_05,Hoplias_malabaricus,Xingu,Xingu,fast,358.67269751210097,11,1.5281,0.6803
Hopli_Xin_05,Hoplias_malabaricus,Xingu,Xingu,fast,494.7637391101511,12,1.5067,0.3288
Hopli_Xin_06,Hoplias_malabaricus,Xingu,Xingu,fast,506.4577471068693,1,-0.0013,0.5542
Hopli_Xin_06,Hoplias_malabaricus,Xingu,Xingu,fast,419.4986013786268,2,0.1564,0.4541
Hopli_Xin_06,Hoplias_malabaricus,Xingu,Xingu,fast,411.3938747002948,3,0.1601,0.6156
Hopli_Xin_06,Hoplias_malabaricus,Xingu,Xingu,fast,481.8060656485735,4,0.2518,0.6145
Hopli_Xin_06,Hoplias_malabaricus,Xingu,Xingu,fast,507.1312458946057,5,0.378,0.7614
Hopli_Xin_06,Hoplias_malabaricus,Xingu,Xingu,fast,471.0250268339095,6,0.392,0.3101
Hopli_Xin_06,Hoplias_malabaricus,Xingu,Xingu,fast,549.3014358402145,7,0.6136,0.8312
Hopli_Xin_06,Hoplias_malabaricus,Xingu,Xingu,fast,424.67392658167387,8,0.7558,0.2091
Hopli_Xin_06,Hoplias_malabaricus,Xingu,Xingu,fast,374.25996779152297,9,0.9957,0.6219
Hopli_Xin_06,Hoplias_malabaricus,Xingu,Xingu,fast,542.5829650906669,10,0.9902,0.4119
Hopli_Xin_06,Hoplias_malabaricus,Xingu,Xingu,fast,369.0371536224893,11,1.3216,0.6761
Hopli_Xin_06,Hoplias_malabaricus,Xingu,Xingu,fast,361.41303299917456,12,1.3199,0.3395
Hopli_Xin_07,Hoplias_malabaricus,Xingu,Xingu,fast,481.049057231198,1,0.0179,0.5527
Hopli_Xin_07,Hoplias_malabaricus,Xingu,Xingu,fast,455.552100751264,2,0.1485,0.4698
Hopli_Xin_07,Hoplias_malabaricus,Xingu,Xingu,fast,358.85067030305544,3,0.1949,0.6164
Hopli_Xin_07,Hoplias_malabaricus,Xingu,Xingu,fast,490.3382864149069,4,0.2926,0.6279
Hopli_Xin_07,Hoplias_malabaricus,Xingu,Xingu,fast,461.8434201305995,5,0.466,0.7594
Hopli_Xin_07,Hoplias_malabaricus,Xingu,Xingu,fast,427.8001075951264,6,0.4529,0.3451
Hopli_Xin_07,Hoplias_malabaricus,Xingu,Xingu,fast,511.47110379253104,7,0.7433,0.8537
Hopli_Xin_07,Hoplias_malabaricus,Xingu,Xingu,fast,397.97968501512605,8,0.8937,0.194
Hopli_Xin_07,Hoplias_malabaricus,Xingu,Xingu,fast,431.74909143183663,9,1.1993,0.6154
Hopli_Xin_07,Hoplias_malabaricus,Xingu,Xingu,fast,547.767508418226,10,1.1941,0.423
Hopli_Xin_07,Hoplias_malabaricus,Xingu,Xingu,fast,448.29735433543084,11,1.5797,0.6692
Hopli_Xin_07,Hoplias_malabaricus,Xingu,Xingu,fast,397.7172513490928,12,1.5821,0.3078
Hopli_Xin_08,Hoplias_malabaricus,Xingu,Xingu,fast,377.13933309087685,1,0.0087,0.547
Hopli_Xin_08,Hoplias_malabaricus,Xingu,Xingu,fast,528.6043895346206,2,0.1658,0.4456
Hopli_Xin_08,Hoplias_malabaricus,Xingu,Xingu,fast,515.493735105541,3,0.1878,0.6294
Hopli_Xin_08,Hoplias_malabaricus,Xingu,Xingu,fast,521.8567678387858,4,0.297,0.6426
Hopli_Xin_08,Hoplias_malabaricus,Xingu,Xingu,fast,506.9021865332126,5,0.4447,0.7453
Hopli_Xin_08,Hoplias_malabaricus,Xingu,Xingu,fast,523.0675330360411,6,0.4589,0.3091
Hopli_Xin_08,Hoplias_malabaricus,Xingu,Xingu,fast,467.98943785683014,7,0.7296,0.8333
Hopli_Xin_08,Hoplias_malabaricus,Xingu,Xingu,fast,440.2722727491396,8,0.8723,0.2007
Hopli_Xin_08,Hoplias_malabaricus,Xingu,Xingu,fast,411.424342487891,9,1.1936,0.6138
Hopli_Xin_08,Hoplias_malabaricus,Xingu,Xingu,fast,507.21975488884334,10,1.198,0.4215
Hopli_Xin_08,Hoplias_malabaricus,Xingu,Xingu,fast,367.1503930105745,11,1.5626,0.6608
Hopli_Xin_08,Hoplias_malabaricus,Xingu,Xingu,fast,461.79502864268784,12,1.5731,0.3266
Hopli_Xin_09,Hoplias_malabaricus,Xingu,Xingu,fast,497.2922752884941,1,-0.0072,0.5379
Hopli_Xin_09,Hoplias_malabaricus,Xingu,Xingu,fast,526.3922766406774,2,0.119,0.4562
Hopli_Xin_09,Hoplias_malabaricus,Xingu,Xingu,fast,468.0329486917677,3,0.1619,0.6139
Hopli_Xin_09,Hoplias_malabaricus,Xingu,Xingu,fast,532.222036376328,4,0.2633,0.6176
Hopli_Xin_09,Hoplias_malabaricus,Xingu,Xingu,fast,525.035826668518,5,0.4046,0.7642
Hopli_Xin_09,Hoplias_malabaricus,Xingu,Xingu,fast,508.189832862146,6,0.4048,0.2956
Hopli_Xin_09,Hoplias_malabaricus,Xingu,Xingu,fast,434.9470378960214,7,0.666,0.8431
Hopli_Xin_09,Hoplias_malabaricus,Xingu,Xingu,fast,530.6004839613245,8,0.7851,0.2049
Hopli_Xin_09,Hoplias_malabaricus,Xingu,Xingu,fast,463.49826335808217,9,1.0648,0.6241
Hopli_Xin_09,Hoplias_malabaricus,Xingu,Xingu,fast,423.19094476913676,10,1.0759,0.4176
Hopli_Xin_09,Hoplias_malabaricus,Xingu,Xingu,fast,364.2241140427735,11,1.3964,0.6847
Hopli_Xin_09,Hoplias_malabaricus,Xingu,Xingu,fast,445.3752228516672,12,1.3955,0.3109
Hopli_Xin_10,Hoplias_malabaricus,Xingu,Xingu,fast,367.92227019312344,1,0.015,0.5519
Hopli_Xin_10,Hoplias_malabaricus,Xingu,Xingu,fast,384.50670211422954,2,0.1344,0.4509
Hopli_Xin_10,Hoplias_malabaricus,Xingu,Xingu,fast,470.13408655968146,3,0.2103,0.6339
Hopli_Xin_10,Hoplias_malabaricus,Xingu,Xingu,fast,413.13752297615594,4,0.2891,0.6318
Hopli_Xin_10,Hoplias_malabaricus,Xingu,Xingu,fast,495.589916587058,5,0.4273,0.7765
Hopli_Xin_10,Hoplias_malabaricus,Xingu,Xingu,fast,454.9374243450722,6,0.4214,0.333
Hopli_Xin_10,Hoplias_malabaricus,Xingu,Xingu,fast,406.01624066382067,7,0.6871,0.8242
Hopli_Xin_10,Hoplias_malabaricus,Xingu,Xingu,fast,405.7405633356658,8,0.8591,0.2154
Hopli_Xin_10,Hoplias_malabaricus,Xingu,Xingu,fast,374.5427504488288,9,1.1497,0.625
Hopli_Xin_10,Hoplias_malabaricus,Xingu,Xingu,fast,498.53231682655417,10,1.1179,0.4197
Hopli_Xin_10,Hoplias_malabaricus,Xingu,Xingu,fast,389.7667723038213,11,1.4864,0.6788
Hopli_Xin_10,Hoplias_malabaricus,Xingu,Xingu,fast,524.891331815812,12,1.4701,0.312
Hopli_Xin_11,Hoplias_malabaricus,Xingu,Xingu,fast,471.2359874003962,1,-0.0108,0.5218
Hopli_Xin_11,Hoplias_malabaricus,Xingu,Xingu,fast,435.1405001837047,2,0.1303,0.4409
Hopli_Xin_11,Hoplias_malabaricus,Xingu,Xingu,fast,456.36328646098116,3,0.1877,0.6088
Hopli_Xin_11,Hoplias_malabaricus,Xingu,Xingu,fast,389.23183053621347,4,0.2867,0.6255
Hopli_Xin_11,Hoplias_malabaricus,Xingu,Xingu,fast,360.0010844053748,5,0.4268,0.7723
Hopli_Xin_11,Hoplias_malabaricus,Xingu,Xingu,fast,523.5531522318037,6,0.4286,0.324
Hopli_Xin_11,Hoplias_malabaricus,Xingu,Xingu,fast,531.5679263693052,7,0.7063,0.8108
Hopli_Xin_11,Hoplias_malabaricus,Xingu,Xingu,fast,474.5069352519058,8,0.8395,0.1951
Hopli_Xin_11,Hoplias_malabaricus,Xingu,Xingu,fast,384.49735703153914,9,1.1243,0.6257
Hopli_Xin_11,Hoplias_malabaricus,Xingu,Xingu,fast,404.92522232884534,10,1.1065,0.4008
Hopli_Xin_11,Hoplias_malabaricus,Xingu,Xingu,fast,522.8767230059068,11,1.4878,0.6789
Hopli_Xin_11,Hoplias_malabaricus,Xingu,Xingu,fast,382.76646533434734,12,1.4852,0.3136
Hopli_Xin_12,Hoplias_malabaricus,Xingu,Xingu,fast,408.81692029922306,1,0.0098,0.5484
Hopli_Xin_12,Hoplias_malabaricus,Xingu,Xingu,fast,501.3497590409079,2,0.1613,0.471
Hopli_Xin_12,Hoplias_malabaricus,Xingu,Xingu,fast,544.3829681979748,3,0.1902,0.6331
Hopli_Xin_12,Hoplias_malabaricus,Xingu,Xingu,fast,422.6790395292529,4,0.3019,0.6138
Hopli_Xin_12,Hoplias_malabaricus,Xingu,Xingu,fast,385.55471886675264,5,0.4463,0.7546
Hopli_Xin_12,Hoplias_malabaricus,Xingu,Xingu,fast,453.28392442866505,6,0.4488,0.2909
Hopli_Xin_12,Hoplias_malabaricus,Xingu,Xingu,fast,364.35861339153394,7,0.7436,0.8417
Hopli_Xin_12,Hoplias_malabaricus,Xingu,Xingu,fast,434.1307782773231,8,0.9191,0.2226
Hopli_Xin_12,Hoplias_malabaricus,Xingu,Xingu,fast,410.60201321895306,9,1.2079,0.627
Hopli_Xin_12,Hoplias_malabaricus,Xingu,Xingu,fast,547.99018262856,10,1.2061,0.4298
Hopli_Xin_12,Hoplias_malabaricus,Xingu,Xingu,fast,423.61980922314615,11,1.5948,0.6812
Hopli_Xin_12,Hoplias_malabaricus,Xingu,Xingu,fast,477.0735201164125,12,1.6118,0.3257
Hopli_Toc_01,Hoplias_malabaricus,Tocantins,Tocantins,slow,526.2935817060088,1,0.0101,0.5371
Hopli_Toc_01,Hoplias_malabaricus,Tocantins,Tocantins,slow,395.4443339019002,2,0.1442,0.4321
Hopli_Toc_01,Hoplias_malabaricus,Tocantins,Tocantins,slow,387.67487672122166,3,0.1872,0.6141
Hopli_Toc_01,Hoplias_malabaricus,Tocantins,Tocantins,slow,532.164328505702,4,0.2578,0.607
Hopli_Toc_01,Hoplias_malabaricus,Tocantins,Tocantins,slow,515.7762964906581,5,0.3771,0.7533
Hopli_Toc_01,Hoplias_malabaricus,Tocantins,Tocantins,slow,455.7749171033165,6,0.3843,0.3152
Hopli_Toc_01,Hoplias_malabaricus,Tocantins,Tocantins,slow,545.4143374024457,7,0.5806,0.8049
Hopli_Toc_01,Hoplias_malabaricus,Tocantins,Tocantins,slow,547.0100155974563,8,0.706,0.1945
Hopli_Toc_01,Hoplias_malabaricus,Tocantins,Tocantins,slow,413.5286074322334,9,0.9673,0.6223
Hopli_Toc_01,Hoplias_malabaricus,Tocantins,Tocantins,slow,434.2286533023591,10,0.9439,0.4335
Hopli_Toc_01,Hoplias_malabaricus,Tocantins,Tocantins,slow,465.8714781552824,11,1.3095,0.5938
Hopli_Toc_01,Hoplias_malabaricus,Tocantins,Tocantins,slow,376.9907864059694,12,1.2747,0.4121
Hopli_Toc_02,Hoplias_malabaricus,Tocantins,Tocantins,slow,377.01456459010285,1,0.001,0.5348
Hopli_Toc_02,Hoplias_malabaricus,Tocantins,Tocantins,slow,464.16234598645656,2,0.1487,0.4639
Hopli_Toc_02,Hoplias_malabaricus,Tocantins,Tocantins,slow,533.032114531561,3,0.2048,0.6303
Hopli_Toc_02,Hoplias_malabaricus,Tocantins,Tocantins,slow,411.06148839216814,4,0.3023,0.6385
Hopli_Toc_02,Hoplias_malabaricus,Tocantins,Tocantins,slow,508.4196420626622,5,0.4722,0.7697
Hopli_Toc_02,Hoplias_malabaricus,Tocantins,Tocantins,slow,487.1444306469585,6,0.4626,0.3316
Hopli_Toc_02,Hoplias_malabaricus,Tocantins,Tocantins,slow,450.09066277559316,7,0.6852,0.8314
Hopli_Toc_02,Hoplias_malabaricus,Tocantins,Tocantins,slow,519.2565291829395,8,0.8442,0.2282
Hopli_Toc_02,Hoplias_malabaricus,Tocantins,Tocantins,slow,541.8819062510024,9,1.1362,0.6225
Hopli_Toc_02,Hoplias_malabaricus,Tocantins,Tocantins,slow,361.40381279860804,10,1.165,0.4307
Hopli_Toc_02,Hoplias_malabaricus,Tocantins,Tocantins,slow,514.2050138439967,11,1.5177,0.5922
Hopli_Toc_02,Hoplias_malabaricus,Tocantins,Tocantins,slow,516.1067462740497,12,1.5323,0.4066
Hopli_Toc_03,Hoplias_malabaricus,Tocantins,Tocantins,slow,451.7019265793727,1,0.0141,0.5435
Hopli_Toc_03,Hoplias_malabaricus,Tocantins,Tocantins,slow,476.3894873136602,2,0.1286,0.4261
Hopli_Toc_03,Hoplias_malabaricus,Tocantins,Tocantins,slow,371.6851959865193,3,0.1701,0.6348
Hopli_Toc_03,Hoplias_malabaricus,Tocantins,Tocantins,slow,416.24365866011965,4,0.261,0.6136
Hopli_Toc_03,Hoplias_malabaricus,Tocantins,Tocantins,slow,464.82963339768014,5,0.3993,0.7614
Hopli_Toc_03,Hoplias_malabaricus,Tocantins,Tocantins,slow,373.6082872840709,6,0.3869,0.3166
Hopli_Toc_03,Hoplias_malabaricus,Tocantins,Tocantins,slow,434.7086832655459,7,0.6083,0.8197
Hopli_Toc_03,Hoplias_malabaricus,Tocantins,Tocantins,slow,519.8037632423772,8,0.7468,0.1792
Hopli_Toc_03,Hoplias_malabaricus,Tocantins,Tocantins,slow,534.7619506081435,9,0.9935,0.6087
Hopli_Toc_03,Hoplias_malabaricus,Tocantins,Tocantins,slow,464.3120289109489,10,1.0038,0.4347
Hopli_Toc_03,Hoplias_malabaricus,Tocantins,Tocantins,slow,475.45459656019653,11,1.3366,0.6041
Hopli_Toc_03,Hoplias_malabaricus,Tocantins,Tocantins,slow,373.43247080742805,12,1.3413,0.3738
Hopli_Toc_04,Hoplias_malabaricus,Tocantins,Tocantins,slow,364.84996475237915,1,-0.0117,0.5411
Hopli_Toc_04,Hoplias_malabaricus,Tocantins,Tocantins,slow,488.62894296792877,2,0.1403,0.4626
Hopli_Toc_04,Hoplias_malabaricus,Tocantins,Tocantins,slow,386.9015947354834,3,0.1783,0.6135
Hopli_Toc_04,Hoplias_malabaricus,Tocantins,Tocantins,slow,526.5279486874954,4,0.3031,0.6261
Hopli_Toc_04,Hoplias_malabaricus,Tocantins,Tocantins,slow,399.908059189293,5,0.4306,0.7664
Hopli_Toc_04,Hoplias_malabaricus,Tocantins,Tocantins,slow,357.572074179895,6,0.4354,0.3062
Hopli_Toc_04,Hoplias_malabaricus,Tocantins,Tocantins,slow,493.64444434833365,7,0.6389,0.8495
Hopli_Toc_04,Hoplias_malabaricus,Tocantins,Tocantins,slow,544.9916554511112,8,0.8063,0.1829
Hopli_Toc_04,Hoplias_malabaricus,Tocantins,Tocantins,slow,528.8096825645117,9,1.0841,0.6224
Hopli_Toc_04,Hoplias_malabaricus,Tocantins,Tocantins,slow,359.843490153831,10,1.0811,0.4214
Hopli_Toc_04,Hoplias_malabaricus,Tocantins,Tocantins,slow,384.10185953010125,11,1.4303,0.609
Hopli_Toc_04,Hoplias_malabaricus,Tocantins,Tocantins,slow,493.35527023238626,12,1.4251,0.3942
Hopli_Toc_05,Hoplias_malabaricus,Tocantins,Tocantins,slow,380.4903239519737,1,0.0084,0.5341
Hopli_Toc_05,Hoplias_malabaricus,Tocantins,Tocantins,slow,512.6448010124014,2,0.1285,0.4509
Hopli_Toc_05,Hoplias_malabaricus,Tocantins,Tocantins,slow,505.7085072573688,3,0.178,0.631
Hopli_Toc_05,Hoplias_malabaricus,Tocantins,Tocantins,slow,426.18892103864266,4,0.2505,0.6119
Hopli_Toc_05,Hoplias_malabaricus,Tocantins,Tocantins,slow,397.05413584586734,5,0.3997,0.7631
Hopli_Toc_05,Hoplias_malabaricus,Tocantins,Tocantins,slow,447.1888288635136,6,0.3998,0.3079
Hopli_Toc_05,Hoplias_malabaricus,Tocantins,Tocantins,slow,377.1353334577497,7,0.6024,0.8219
Hopli_Toc_05,Hoplias_malabaricus,Tocantins,Tocantins,slow,539.7733646589168,8,0.735,0.2081
Hopli_Toc_05,Hoplias_malabaricus,Tocantins,Tocantins,slow,504.37142896867357,9,1.0012,0.5979
Hopli_Toc_05,Hoplias_malabaricus,Tocantins,Tocantins,slow,411.1617973418766,10,0.9905,0.4189
Hopli_Toc_05,Hoplias_malabaricus,Tocantins,Tocantins,slow,460.5600695404041,11,1.3271,0.621
Hopli_Toc_05,Hoplias_malabaricus,Tocantins,Tocantins,slow,510.9637210039943,12,1.3356,0.3854
Hopli_Toc_06,Hoplias_malabaricus,Tocantins,Tocantins,slow,517.6828372224115,1,0.0023,0.5568
Hopli_Toc_06,Hoplias_malabaricus,Tocantins,Tocantins,slow,371.11718520052415,2,0.1233,0.4503
Hopli_Toc_06,Hoplias_malabaricus,Tocantins,Tocantins,slow,385.8149007607235,3,0.1895,0.6373
Hopli_Toc_06,Hoplias_malabaricus,Tocantins,Tocantins,slow,367.8277376598181,4,0.2662,0.6135
Hopli_Toc_06,Hoplias_malabaricus,Tocantins,Tocantins,slow,368.6844293386077,5,0.3899,0.7529
Hopli_Toc_06,Hoplias_malabaricus,Tocantins,Tocantins,slow,490.96834834809215,6,0.3877,0.2986
Hopli_Toc_06,Hoplias_malabaricus,Tocantins,Tocantins,slow,382.6860371905511,7,0.5919,0.8437
Hopli_Toc_06,Hoplias_malabaricus,Tocantins,Tocantins,slow,375.6815867291792,8,0.7253,0.1953
Hopli_Toc_06,Hoplias_malabaricus,Tocantins,Tocantins,slow,497.702703334965,9,1.0044,0.62
Hopli_Toc_06,Hoplias_malabaricus,Tocantins,Tocantins,slow,536.071304887539,10,0.9795,0.4256
Hopli_Toc_06,Hoplias_malabaricus,Tocantins,Tocantins,slow,434.01555517692566,11,1.3228,0.5965
Hopli_Toc_06,Hoplias_malabaricus,Tocantins,Tocantins,slow,379.2490164612149,12,1.3235,0.3891
Hopli_Toc_07,Hoplias_malabaricus,Tocantins,Tocantins,slow,411.31171039028226,1,-0.005,0.5518
Hopli_Toc_07,Hoplias_malabaricus,Tocantins,Tocantins,slow,455.459356563994,2,0.1148,0.4647
Hopli_Toc_07,Hoplias_malabaricus,Tocantins,Tocantins,slow,424.6135561807655,3,0.1661,0.6151
Hopli_Toc_07,Hoplias_malabaricus,Tocantins,Tocantins,slow,526.5689655692038,4,0.2567,0.6326
Hopli_Toc_07,Hoplias_malabaricus,Tocantins,Tocantins,slow,423.118354911253,5,0.3757,0.7518
Hopli_Toc_07,Hoplias_malabaricus,Tocantins,Tocantins,slow,467.84454638929566,6,0.3866,0.2989
Hopli_Toc_07,Hoplias_malabaricus,Tocantins,Tocantins,slow,404.49930536034003,7,0.5846,0.8293
Hopli_Toc_07,Hoplias_malabaricus,Tocantins,Tocantins,slow,490.5568199045876,8,0.7037,0.1929
Hopli_Toc_07,Hoplias_malabaricus,Tocantins,Tocantins,slow,372.2816067081877,9,1.0001,0.6162
Hopli_Toc_07,Hoplias_malabaricus,Tocantins,Tocantins,slow,541.3902881081821,10,0.9644,0.4121
Hopli_Toc_07,Hoplias_malabaricus,Tocantins,Tocantins,slow,527.5308109965916,11,1.2886,0.5928
Hopli_Toc_07,Hoplias_malabaricus,Tocantins,Tocantins,slow,469.08645910188295,12,1.2716,0.3878
Hopli_Toc_08,Hoplias_malabaricus,Tocantins,Tocantins,slow,504.923517128874,1,0.0137,0.5488
Hopli_Toc_08,Hoplias_malabaricus,Tocantins,Tocantins,slow,434.29086017690963,2,0.1372,0.4566
Hopli_Toc_08,Hoplias_malabaricus,Tocantins,Tocantins,slow,522.5046204730077,3,0.1951,0.6298
Hopli_Toc_08,Hoplias_malabaricus,Tocantins,Tocantins,slow,371.70021009661474,4,0.2994,0.6386
Hopli_Toc_08,Hoplias_malabaricus,Tocantins,Tocantins,slow,435.59379005207796,5,0.4447,0.7387
Hopli_Toc_08,Hoplias_malabaricus,Tocantins,Tocantins,slow,358.9989396857123,6,0.4149,0.3177
Hopli_Toc_08,Hoplias_malabaricus,Tocantins,Tocantins,slow,418.21224222739914,7,0.6499,0.8214
Hopli_Toc_08,Hoplias_malabaricus,Tocantins,Tocantins,slow,443.46488242917826,8,0.8182,0.2171
Hopli_Toc_08,Hoplias_malabaricus,Tocantins,Tocantins,slow,534.6566149025388,9,1.0904,0.6303
Hopli_Toc_08,Hoplias_malabaricus,Tocantins,Tocantins,slow,547.0826055641352,10,1.0915,0.4211
Hopli_Toc_08,Hoplias_malabaricus,Tocantins,Tocantins,slow,479.8028849111518,11,1.4531,0.6102
Hopli_Toc_08,Hoplias_malabaricus,Tocantins,Tocantins,slow,404.3909048575954,12,1.4615,0.386
Hopli_Toc_09,Hoplias_malabaricus,Tocantins,Tocantins,slow,460.0386298366723,1,0.0134,0.5408
Hopli_Toc_09,Hoplias_malabaricus,Tocantins,Tocantins,slow,390.9284935391038,2,0.14,0.4515
Hopli_Toc_09,Hoplias_malabaricus,Tocantins,Tocantins,slow,551.8472539977217,3,0.2053,0.6398
Hopli_Toc_09,Hoplias_malabaricus,Tocantins,Tocantins,slow,525.5633309995643,4,0.2852,0.6346
Hopli_Toc_09,Hoplias_malabaricus,Tocantins,Tocantins,slow,365.6354477165607,5,0.426,0.764
Hopli_Toc_09,Hoplias_malabaricus,Tocantins,Tocantins,slow,477.75721310827856,6,0.4112,0.2868
Hopli_Toc_09,Hoplias_malabaricus,Tocantins,Tocantins,slow,459.62625401019295,7,0.6096,0.8027
Hopli_Toc_09,Hoplias_malabaricus,Tocantins,Tocantins,slow,540.7820690635834,8,0.7595,0.2124
Hopli_Toc_09,Hoplias_malabaricus,Tocantins,Tocantins,slow,522.0070989465282,9,1.0389,0.6116
Hopli_Toc_09,Hoplias_malabaricus,Tocantins,Tocantins,slow,478.2141530927248,10,1.0472,0.4354
Hopli_Toc_09,Hoplias_malabaricus,Tocantins,Tocantins,slow,440.7182395297008,11,1.3871,0.609
Hopli_Toc_09,Hoplias_malabaricus,Tocantins,Tocantins,slow,460.7166164409325,12,1.3803,0.3987
Hopli_Toc_10,Hoplias_malabaricus,Tocantins,Tocantins,slow,396.6188636718712,1,0.0045,0.5327
Hopli_Toc_10,Hoplias_malabaricus,Tocantins,Tocantins,slow,445.4669656481592,2,0.1525,0.4347
Hopli_Toc_10,Hoplias_malabaricus,Tocantins,Tocantins,slow,470.2570363085989,3,0.2079,0.6258
Hopli_Toc_10,Hoplias_malabaricus,Tocantins,Tocantins,slow,362.89937142987327,4,0.3074,0.637
Hopli_Toc_10,Hoplias_malabaricus,Tocantins,Tocantins,slow,409.2833933820973,5,0.4657,0.7633
Hopli_Toc_10,Hoplias_malabaricus,Tocantins,Tocantins,slow,376.5303333166165,6,0.44,0.3144
Hopli_Toc_10,Hoplias_malabaricus,Tocantins,Tocantins,slow,400.4879785625485,7,0.6977,0.8438
Hopli_Toc_10,Hoplias_malabaricus,Tocantins,Tocantins,slow,449.1519440984156,8,0.8365,0.2004
Hopli_Toc_10,Hoplias_malabaricus,Tocantins,Tocantins,slow,380.41006165696126,9,1.1738,0.6185
Hopli_Toc_10,Hoplias_malabaricus,Tocantins,Tocantins,slow,429.8643592751597,10,1.148,0.4254
Hopli_Toc_10,Hoplias_malabaricus,Tocantins,Tocantins,slow,515.8529424880523,11,1.5436,0.6099
Hopli_Toc_10,Hoplias_malabaricus,Tocantins,Tocantins,slow,457.20128671216344,12,1.5476,0.3895
Hopli_Toc_11,Hoplias_malabaricus,Tocantins,Tocantins,slow,501.7652681728648,1,-0.0061,0.5522
Hopli_Toc_11,Hoplias_malabaricus,Tocantins,Tocantins,slow,373.25140508186314,2,0.1431,0.4495
Hopli_Toc_11,Hoplias_malabaricus,Tocantins,Tocantins,slow,523.7502638165329,3,0.2082,0.6284
Hopli_Toc_11,Hoplias_malabaricus,Tocantins,Tocantins,slow,481.238699802533,4,0.2893,0.6153
Hopli_Toc_11,Hoplias_malabaricus,Tocantins,Tocantins,slow,380.0883192169798,5,0.4121,0.7839
Hopli_Toc_11,Hoplias_malabaricus,Tocantins,Tocantins,slow,443.82388807374105,6,0.4274,0.3125
Hopli_Toc_11,Hoplias_malabaricus,Tocantins,Tocantins,slow,391.91318501682366,7,0.6197,0.831
Hopli_Toc_11,Hoplias_malabaricus,Tocantins,Tocantins,slow,534.5827149709125,8,0.7835,0.2072
Hopli_Toc_11,Hoplias_malabaricus,Tocantins,Tocantins,slow,474.0138447143141,9,1.0621,0.6251
Hopli_Toc_11,Hoplias_malabaricus,Tocantins,Tocantins,slow,387.5129037124466,10,1.0553,0.4303
Hopli_Toc_11,Hoplias_malabaricus,Tocantins,Tocantins,slow,454.2680353274619,11,1.4016,0.6107
Hopli_Toc_11,Hoplias_malabaricus,Tocantins,Tocantins,slow,530.7492729931859,12,1.3899,0.3991
Hopli_Toc_12,Hoplias_malabaricus,Tocantins,Tocantins,slow,483.54611540976117,1,0.0067,0.5712
Hopli_Toc_12,Hoplias_malabaricus,Tocantins,Tocantins,slow,450.9699869049279,2,0.1222,0.4368
Hopli_Toc_12,Hoplias_malabaricus,Tocantins,Tocantins,slow,546.2086029355183,3,0.1707,0.64
Hopli_Toc_12,Hoplias_malabaricus,Tocantins,Tocantins,slow,396.291046211229,4,0.2669,0.6354
Hopli_Toc_12,Hoplias_malabaricus,Tocantins,Tocantins,slow,448.0805959230117,5,0.3918,0.7641
Hopli_Toc_12,Hoplias_malabaricus,Tocantins,Tocantins,slow,469.8490316833162,6,0.3935,0.3078
Hopli_Toc_12,Hoplias_malabaricus,Tocantins,Tocantins,slow,448.07139685948846,7,0.5839,0.8338
Hopli_Toc_12,Hoplias_malabaricus,Tocantins,Tocantins,slow,488.26789503003687,8,0.7242,0.1817
Hopli_Toc_12,Hoplias_malabaricus,Tocantins,Tocantins,slow,422.34620798647563,9,0.9619,0.6328
Hopli_Toc_12,Hoplias_malabaricus,Tocantins,Tocantins,slow,488.85211074532174,10,0.9802,0.4327
Hopli_Toc_12,Hoplias_malabaricus,Tocantins,Tocantins,slow,373.2533876283975,11,1.3051,0.6211
Hopli_Toc_12,Hoplias_malabaricus,Tocantins,Tocantins,slow,465.40235064167086,12,1.3102,0.411
Hopli_Neg_01,Hoplias_malabaricus,Negro,Negro,slow,425.72458404995075,1,-0.0002,0.5325
Hopli_Neg_01,Hoplias_malabaricus,Negro,Negro,slow,517.3371569732669,2,0.121,0.4303
Hopli_Neg_01,Hoplias_malabaricus,Negro,Negro,slow,384.5558744264231,3,0.1699,0.6246
Hopli_Neg_01,Hoplias_malabaricus,Negro,Negro,slow,532.6585277950408,4,0.2673,0.6219
Hopli_Neg_01,Hoplias_malabaricus,Negro,Negro,slow,358.34523407517463,5,0.3864,0.7488
Hopli_Neg_01,Hoplias_malabaricus,Negro,Negro,slow,398.7001360908963,6,0.3846,0.3116
Hopli_Neg_01,Hoplias_malabaricus,Negro,Negro,slow,455.89467202658057,7,0.6054,0.8228
Hopli_Neg_01,Hoplias_malabaricus,Negro,Negro,slow,504.08160824511464,8,0.7122,0.2144
Hopli_Neg_01,Hoplias_malabaricus,Negro,Negro,slow,418.75731761497366,9,0.9875,0.6256
Hopli_Neg_01,Hoplias_malabaricus,Negro,Negro,slow,505.22929135652583,10,0.995,0.4045
Hopli_Neg_01,Hoplias_malabaricus,Negro,Negro,slow,431.0076244127697,11,1.3099,0.6116
Hopli_Neg_01,Hoplias_malabaricus,Negro,Negro,slow,477.49898901851645,12,1.2841,0.3797
Hopli_Neg_02,Hoplias_malabaricus,Negro,Negro,slow,470.2357650859942,1,-0.0091,0.5562
Hopli_Neg_02,Hoplias_malabaricus,Negro,Negro,slow,479.59575005283807,2,0.1678,0.4442
Hopli_Neg_02,Hoplias_malabaricus,Negro,Negro,slow,367.6981866977204,3,0.1848,0.6356
Hopli_Neg_02,Hoplias_malabaricus,Negro,Negro,slow,388.2686899687332,4,0.285,0.6304
Hopli_Neg_02,Hoplias_malabaricus,Negro,Negro,slow,470.1112490599295,5,0.4561,0.7771
Hopli_Neg_02,Hoplias_malabaricus,Negro,Negro,slow,550.0461992301127,6,0.441,0.3176
Hopli_Neg_02,Hoplias_malabaricus,Negro,Negro,slow,428.2651395617387,7,0.6633,0.8207
Hopli_Neg_02,Hoplias_malabaricus,Negro,Negro,slow,466.9642333494694,8,0.8203,0.2088
Hopli_Neg_02,Hoplias_malabaricus,Negro,Negro,slow,441.85029546557007,9,1.0993,0.6328
Hopli_Neg_02,Hoplias_malabaricus,Negro,Negro,slow,413.48636243635013,10,1.1033,0.4144
Hopli_Neg_02,Hoplias_malabaricus,Negro,Negro,slow,516.9672162142072,11,1.4705,0.5934
Hopli_Neg_02,Hoplias_malabaricus,Negro,Negro,slow,539.3104195479949,12,1.4563,0.4076
Hopli_Neg_03,Hoplias_malabaricus,Negro,Negro,slow,359.6093144204308,1,-0.0032,0.557
Hopli_Neg_03,Hoplias_malabaricus,Negro,Negro,slow,457.04457128028025,2,0.1403,0.4577
Hopli_Neg_03,Hoplias_malabaricus,Negro,Negro,slow,544.9817621074558,3,0.1955,0.632
Hopli_Neg_03,Hoplias_malabaricus,Negro,Negro,slow,463.6845609086122,4,0.2767,0.6352
Hopli_Neg_03,Hoplias_malabaricus,Negro,Negro,slow,500.01606682919703,5,0.3914,0.7515
Hopli_Neg_03,Hoplias_malabaricus,Negro,Negro,slow,475.8679038425064,6,0.421,0.3165
Hopli_Neg_03,Hoplias_malabaricus,Negro,Negro,slow,469.17824721103733,7,0.6135,0.8261
Hopli_Neg_03,Hoplias_malabaricus,Negro,Negro,slow,395.38655234079187,8,0.7566,0.1782
Hopli_Neg_03,Hoplias_malabaricus,Negro,Negro,slow,450.90452219567646,9,1.0108,0.6172
Hopli_Neg_03,Hoplias_malabaricus,Negro,Negro,slow,358.4475588207676,10,1.0156,0.4199
Hopli_Neg_03,Hoplias_malabaricus,Negro,Negro,slow,438.44453145130905,11,1.3534,0.5713
Hopli_Neg_03,Hoplias_malabaricus,Negro,Negro,slow,422.5364304570894,12,1.3582,0.3914
Hopli_Neg_04,Hoplias_malabaricus,Negro,Negro,slow,534.981391807482,1,-0.0091,0.568
Hopli_Neg_04,Hoplias_malabaricus,Negro,Negro,slow,454.4062338013902,2,0.1349,0.4525
Hopli_Neg_04,Hoplias_malabaricus,Negro,Negro,slow,487.21685495617874,3,0.1769,0.6138
Hopli_Neg_04,Hoplias_malabaricus,Negro,Negro,slow,374.650405882363,4,0.2709,0.6274
Hopli_Neg_04,Hoplias_malabaricus,Negro,Negro,slow,393.891897788808,5,0.3915,0.7573
Hopli_Neg_04,Hoplias_malabaricus,Negro,Negro,slow,488.15867750642866,6,0.3777,0.3079
Hopli_Neg_04,Hoplias_malabaricus,Negro,Negro,slow,380.7423322488472,7,0.5796,0.839
Hopli_Neg_04,Hoplias_malabaricus,Negro,Negro,slow,421.6107538350909,8,0.7113,0.1923
Hopli_Neg_04,Hoplias_malabaricus,Negro,Negro,slow,377.862993193252,9,0.9708,0.6188
Hopli_Neg_04,Hoplias_malabaricus,Negro,Negro,slow,533.8347068297747,10,0.9666,0.4075
Hopli_Neg_04,Hoplias_malabaricus,Negro,Negro,slow,523.3827346718382,11,1.2986,0.6054
Hopli_Neg_04,Hoplias_malabaricus,Negro,Negro,slow,463.03542423894277,12,1.2809,0.3953
Hopli_Neg_05,Hoplias_malabaricus,Negro,Negro,slow,527.3754125577825,1,0.0015,0.5649
Hopli_Neg_05,Hoplias_malabaricus,Negro,Negro,slow,418.616541711641,2,0.1492,0.4309
Hopli_Neg_05,Hoplias_malabaricus,Negro,Negro,slow,379.23949662169326,3,0.1712,0.6254
Hopli_Neg_05,Hoplias_malabaricus,Negro,Negro,slow,531.5514904238182,4,0.2851,0.6472
Hopli_Neg_05,Hoplias_malabaricus,Negro,Negro,slow,539.750843644013,5,0.4156,0.7623
Hopli_Neg_05,Hoplias_malabaricus,Negro,Negro,slow,496.03339679891303,6,0.4163,0.327
Hopli_Neg_05,Hoplias_malabaricus,Negro,Negro,slow,376.767776365212,7,0.6422,0.8305
Hopli_Neg_05,Hoplias_malabaricus,Negro,Negro,slow,441.609275758738,8,0.7517,0.1998
Hopli_Neg_05,Hoplias_malabaricus,Negro,Negro,slow,385.26498214067095,9,1.0596,0.6035
Hopli_Neg_05,Hoplias_malabaricus,Negro,Negro,slow,528.7837559583038,10,1.0364,0.4045
Hopli_Neg_05,Hoplias_malabaricus,Negro,Negro,slow,542.5828881687435,11,1.3831,0.5949
Hopli_Neg_05,Hoplias_malabaricus,Negro,Negro,slow,459.1981951737255,12,1.3989,0.4047
Hopli_Neg_06,Hoplias_malabaricus,Negro,Negro,slow,424.6275085654318,1,0.0086,0.5331
Hopli_Neg_06,Hoplias_malabaricus,Negro,Negro,slow,387.7433720031882,2,0.1525,0.4585
Hopli_Neg_06,Hoplias_malabaricus,Negro,Negro,slow,396.46617734052995,3,0.1728,0.6565
Hopli_Neg_06,Hoplias_malabaricus,Negro,Negro,slow,477.3711729151257,4,0.2906,0.6051
Hopli_Neg_06,Hoplias_malabaricus,Negro,Negro,slow,483.4244735592432,5,0.4482,0.7591
Hopli_Neg_06,Hoplias_malabaricus,Negro,Negro,slow,365.77142431769715,6,0.4264,0.337
Hopli_Neg_06,Hoplias_malabaricus,Negro,Negro,slow,388.79164375662276,7,0.6557,0.8375
Hopli_Neg_06,Hoplias_malabaricus,Negro,Negro,slow,382.4846411482513,8,0.7923,0.2145
Hopli_Neg_06,Hoplias_malabaricus,Negro,Negro,slow,428.66077385085725,9,1.0836,0.6083
Hopli_Neg_06,Hoplias_malabaricus,Negro,Negro,slow,529.7190876374252,10,1.1057,0.4114
Hopli_Neg_06,Hoplias_malabaricus,Negro,Negro,slow,464.74700667619766,11,1.4723,0.6083
Hopli_Neg_06,Hoplias_malabaricus,Negro,Negro,slow,474.52792753122696,12,1.5006,0.4094
Hopli_Neg_07,Hoplias_malabaricus,Negro,Negro,slow,390.15882680696797,1,0.0102,0.5474
Hopli_Neg_07,Hoplias_malabaricus,Negro,Negro,slow,363.49365356398346,2,0.1346,0.4376
Hopli_Neg_07,Hoplias_malabaricus,Negro,Negro,slow,516.2581565169734,3,0.1626,0.6448
Hopli_Neg_07,Hoplias_malabaricus,Negro,Negro,slow,508.23642534692164,4,0.2539,0.6186
Hopli_Neg_07,Hoplias_malabaricus,Negro,Negro,slow,547.6965472405142,5,0.4001,0.7394
Hopli_Neg_07,Hoplias_malabaricus,Negro,Negro,slow,421.49268760420955,6,0.3795,0.3014
Hopli_Neg_07,Hoplias_malabaricus,Negro,Negro,slow,391.01537497809085,7,0.5914,0.8411
Hopli_Neg_07,Hoplias_malabaricus,Negro,Negro,slow,374.5186561518408,8,0.7162,0.182
Hopli_Neg_07,Hoplias_malabaricus,Negro,Negro,slow,550.0899418615379,9,0.9979,0.6223
Hopli_Neg_07,Hoplias_malabaricus,Negro,Negro,slow,526.8410781755358,10,0.9943,0.4368
Hopli_Neg_07,Hoplias_malabaricus,Negro,Negro,slow,404.88557083861764,11,1.3368,0.5916
Hopli_Neg_07,Hoplias_malabaricus,Negro,Negro,slow,516.8124279133165,12,1.3189,0.4011
Hopli_Neg_08,Hoplias_malabaricus,Negro,Negro,slow,365.8355891510893,1,-0.0086,0.529
Hopli_Neg_08,Hoplias_malabaricus,Negro,Negro,slow,426.52222433840683,2,0.1636,0.4635
Hopli_Neg_08,Hoplias_malabaricus,Negro,Negro,slow,381.5947369726355,3,0.2083,0.6271
Hopli_Neg_08,Hoplias_malabaricus,Negro,Negro,slow,494.53635165576907,4,0.3067,0.6247
Hopli_Neg_08,Hoplias_malabaricus,Negro,Negro,slow,518.2593105219586,5,0.4499,0.7467
Hopli_Neg_08,Hoplias_malabaricus,Negro,Negro,slow,546.4496956328212,6,0.4581,0.3208
Hopli_Neg_08,Hoplias_malabaricus,Negro,Negro,slow,359.7721851954017,7,0.6734,0.8356
Hopli_Neg_08,Hoplias_malabaricus,Negro,Negro,slow,509.2881785219216,8,0.8149,0.1853
Hopli_Neg_08,Hoplias_malabaricus,Negro,Negro,slow,437.85101051133734,9,1.1284,0.6319
Hopli_Neg_08,Hoplias_malabaricus,Negro,Negro,slow,478.37859257305684,10,1.1481,0.4261
Hopli_Neg_08,Hoplias_malabaricus,Negro,Negro,slow,430.22971052188433,11,1.5332,0.5973
Hopli_Neg_08,Hoplias_malabaricus,Negro,Negro,slow,542.2681099032899,12,1.5153,0.4169
Hopli_Neg_09,Hoplias_malabaricus,Negro,Negro,slow,510.21482645327467,1,0.035,0.5514
Hopli_Neg_09,Hoplias_malabaricus,Negro,Negro,slow,395.36659540605217,2,0.1407,0.4445
Hopli_Neg_09,Hoplias_malabaricus,Negro,Negro,slow,473.9779689519284,3,0.1781,0.6166
Hopli_Neg_09,Hoplias_malabaricus,Negro,Negro,slow,428.68210420047774,4,0.2547,0.5963
Hopli_Neg_09,Hoplias_malabaricus,Negro,Negro,slow,405.1024683359195,5,0.4131,0.7542
Hopli_Neg_09,Hoplias_malabaricus,Negro,Negro,slow,470.32928760932117,6,0.4143,0.294
Hopli_Neg_09,Hoplias_malabaricus,Negro,Negro,slow,485.0096096007757,7,0.6057,0.8292
Hopli_Neg_09,Hoplias_malabaricus,Negro,Negro,slow,446.61927252587384,8,0.7376,0.1921
Hopli_Neg_09,Hoplias_malabaricus,Negro,Negro,slow,404.8372422334859,9,1.0449,0.622
Hopli_Neg_09,Hoplias_malabaricus,Negro,Negro,slow,381.3051167899417,10,1.0527,0.4126
Hopli_Neg_09,Hoplias_malabaricus,Negro,Negro,slow,358.4578042149042,11,1.368,0.5967
Hopli_Neg_09,Hoplias_malabaricus,Negro,Negro,slow,462.9458250252559,12,1.3809,0.3958
Hopli_Neg_10,Hoplias_malabaricus,Negro,Negro,slow,430.54607273015927,1,-0.0022,0.5352
Hopli_Neg_10,Hoplias_malabaricus,Negro,Negro,slow,493.7716125202968,2,0.168,0.4609
Hopli_Neg_10,Hoplias_malabaricus,Negro,Negro,slow,444.62829121045326,3,0.2074,0.6349
Hopli_Neg_10,Hoplias_malabaricus,Negro,Negro,slow,390.90841524633765,4,0.2839,0.6144
Hopli_Neg_10,Hoplias_malabaricus,Negro,Negro,slow,533.2143876670721,5,0.4855,0.7559
Hopli_Neg_10,Hoplias_malabaricus,Negro,Negro,slow,399.7071604450934,6,0.4611,0.3284
Hopli_Neg_10,Hoplias_malabaricus,Negro,Negro,slow,453.89789660386737,7,0.6761,0.8182
Hopli_Neg_10,Hoplias_malabaricus,Negro,Negro,slow,437.65035323342954,8,0.8398,0.2091
Hopli_Neg_10,Hoplias_malabaricus,Negro,Negro,slow,378.7240937345458,9,1.1291,0.6043
Hopli_Neg_10,Hoplias_malabaricus,Negro,Negro,slow,435.28289609555253,10,1.1117,0.3923
Hopli_Neg_10,Hoplias_malabaricus,Negro,Negro,slow,521.6546319067741,11,1.5234,0.6095
Hopli_Neg_10,Hoplias_malabaricus,Negro,Negro,slow,475.15404223469136,12,1.5148,0.3997
Hopli_Neg_11,Hoplias_malabaricus,Negro,Negro,slow,518.0809879563203,1,0.0138,0.5642
Hopli_Neg_11,Hoplias_malabaricus,Negro,Negro,slow,427.87510607215887,2,0.1387,0.4378
Hopli_Neg_11,Hoplias_malabaricus,Negro,Negro,slow,437.3729245825218,3,0.1986,0.6206
Hopli_Neg_11,Hoplias_malabaricus,Negro,Negro,slow,391.22823401638897,4,0.2769,0.6276
Hopli_Neg_11,Hoplias_malabaricus,Negro,Negro,slow,406.2810457785667,5,0.4415,0.7436
Hopli_Neg_11,Hoplias_malabaricus,Negro,Negro,slow,474.14401280743346,6,0.4192,0.3147
Hopli_Neg_11,Hoplias_malabaricus,Negro,Negro,slow,413.9293975261403,7,0.6627,0.8268
Hopli_Neg_11,Hoplias_malabaricus,Negro,Negro,slow,533.2283706128603,8,0.777,0.2003
Hopli_Neg_11,Hoplias_malabaricus,Negro,Negro,slow,425.4815992170195,9,1.0749,0.6218
Hopli_Neg_11,Hoplias_malabaricus,Negro,Negro,slow,480.3276507754739,10,1.0652,0.419
Hopli_Neg_11,Hoplias_malabaricus,Negro,Negro,slow,511.83992646686124,11,1.45,0.5924
Hopli_Neg_11,Hoplias_malabaricus,Negro,Negro,slow,422.94167478028294,12,1.411,0.3934
Hopli_Neg_12,Hoplias_malabaricus,Negro,Negro,slow,443.64068606968027,1,-0.0092,0.5635
Hopli_Neg_12,Hoplias_malabaricus,Negro,Negro,slow,393.9490011584283,2,0.1482,0.4524
Hopli_Neg_12,Hoplias_malabaricus,Negro,Negro,slow,483.3823790331554,3,0.1886,0.6167
Hopli_Neg_12,Hoplias_malabaricus,Negro,Negro,slow,458.36467256516346,4,0.3218,0.6364
Hopli_Neg_12,Hoplias_malabaricus,Negro,Negro,slow,527.8176216090098,5,0.4385,0.7526
Hopli_Neg_12,Hoplias_malabaricus,Negro,Negro,slow,544.1081416580813,6,0.4696,0.3068
Hopli_Neg_12,Hoplias_malabaricus,Negro,Negro,slow,485.83663187739745,7,0.6731,0.8341
Hopli_Neg_12,Hoplias_malabaricus,Negro,Negro,slow,377.31947330181674,8,0.8473,0.2163
Hopli_Neg_12,Hoplias_malabaricus,Negro,Negro,slow,530.8145563399778,9,1.1498,0.6098
Hopli_Neg_12,Hoplias_malabaricus,Negro,Negro,slow,377.5284883627456,10,1.1667,0.409
Hopli_Neg_12,Hoplias_malabaricus,Negro,Negro,slow,495.41690160805075,11,1.511,0.626
Hopli_Neg_12,Hoplias_malabaricus,Negro,Negro,slow,446.1012771356155,12,1.5167,0.4058
Astya_Tap_01,Astyanax_bimaculatus,Tapajos,Tapajos,fast,97.76484656495555,1,0.0189,0.6098
Astya_Tap_01,Astyanax_bimaculatus,Tapajos,Tapajos,fast,126.56657817416433,2,0.1068,0.4368
Astya_Tap_01,Astyanax_bimaculatus,Tapajos,Tapajos,fast,141.1378358438525,3,0.1331,0.637
Astya_Tap_01,Astyanax_bimaculatus,Tapajos,Tapajos,fast,142.75317904163617,4,0.1792,0.6433
Astya_Tap_01,Astyanax_bimaculatus,Tapajos,Tapajos,fast,115.5618349074922,5,0.2856,0.7964
Astya_Tap_01,Astyanax_bimaculatus,Tapajos,Tapajos,fast,120.78532480670032,6,0.2862,0.285
Astya_Tap_01,Astyanax_bimaculatus,Tapajos,Tapajos,fast,107.532451092681,7,0.4919,0.8707
Astya_Tap_01,Astyanax_bimaculatus,Tapajos,Tapajos,fast,140.2298831791774,8,0.6038,0.1674
Astya_Tap_01,Astyanax_bimaculatus,Tapajos,Tapajos,fast,137.07380293238867,9,0.7904,0.6209
Astya_Tap_01,Astyanax_bimaculatus,Tapajos,Tapajos,fast,124.71619716149485,10,0.7897,0.4238
Astya_Tap_01,Astyanax_bimaculatus,Tapajos,Tapajos,fast,109.25423637510337,11,1.0364,0.8494
Astya_Tap_01,Astyanax_bimaculatus,Tapajos,Tapajos,fast,133.3411381373717,12,1.034,0.1646
Astya_Tap_02,Astyanax_bimaculatus,Tapajos,Tapajos,fast,121.05481172781188,1,-0.0047,0.591
Astya_Tap_02,Astyanax_bimaculatus,Tapajos,Tapajos,fast,93.70233264810663,2,0.1185,0.4593
Astya_Tap_02,Astyanax_bimaculatus,Tapajos,Tapajos,fast,137.59711906314183,3,0.1553,0.6309
Astya_Tap_02,Astyanax_bimaculatus,Tapajos,Tapajos,fast,100.33845651124885,4,0.2157,0.6127
Astya_Tap_02,Astyanax_bimaculatus,Tapajos,Tapajos,fast,111.80040663220575,5,0.3035,0.7899
Astya_Tap_02,Astyanax_bimaculatus,Tapajos,Tapajos,fast,124.44015214010732,6,0.3309,0.2934
Astya_Tap_02,Astyanax_bimaculatus,Tapajos,Tapajos,fast,121.9176120258647,7,0.5092,0.8617
Astya_Tap_02,Astyanax_bimaculatus,Tapajos,Tapajos,fast,109.41374502422588,8,0.6311,0.1745
Astya_Tap_02,Astyanax_bimaculatus,Tapajos,Tapajos,fast,95.51390498262208,9,0.8566,0.6073
Astya_Tap_02,Astyanax_bimaculatus,Tapajos,Tapajos,fast,134.21241424759867,10,0.833,0.4213
Astya_Tap_02,Astyanax_bimaculatus,Tapajos,Tapajos,fast,110.28269174824143,11,1.0803,0.8367
Astya_Tap_02,Astyanax_bimaculatus,Tapajos,Tapajos,fast,122.3888389738463,12,1.1002,0.1746
Astya_Tap_03,Astyanax_bimaculatus,Tapajos,Tapajos,fast,107.80627446004513,1,0.0034,0.5836
Astya_Tap_03,Astyanax_bimaculatus,Tapajos,Tapajos,fast,135.0493389223563,2,0.1015,0.4608
Astya_Tap_03,Astyanax_bimaculatus,Tapajos,Tapajos,fast,129.8360243251006,3,0.1497,0.6213
Astya_Tap_03,Astyanax_bimaculatus,Tapajos,Tapajos,fast,130.71596856352184,4,0.175,0.6274
Astya_Tap_03,Astyanax_bimaculatus,Tapajos,Tapajos,fast,93.88651056589366,5,0.2911,0.803
Astya_Tap_03,Astyanax_bimaculatus,Tapajos,Tapajos,fast,114.7670336896361,6,0.2914,0.2676
Astya_Tap_03,Astyanax_bimaculatus,Tapajos,Tapajos,fast,95.1927593830584,7,0.4993,0.8664
Astya_Tap_03,Astyanax_bimaculatus,Tapajos,Tapajos,fast,144.38050721265998,8,0.6023,0.1636
Astya_Tap_03,Astyanax_bimaculatus,Tapajos,Tapajos,fast,113.93975623159258,9,0.7887,0.6069
Astya_Tap_03,Astyanax_bimaculatus,Tapajos,Tapajos,fast,98.33244402301435,10,0.795,0.4184
Astya_Tap_03,Astyanax_bimaculatus,Tapajos,Tapajos,fast,134.82446392445078,11,1.0486,0.8516
Astya_Tap_03,Astyanax_bimaculatus,Tapajos,Tapajos,fast,122.17966376666665,12,1.0566,0.139
Astya_Tap_04,Astyanax_bimaculatus,Tapajos,Tapajos,fast,143.19593822064354,1,0.0273,0.5951
Astya_Tap_04,Astyanax_bimaculatus,Tapajos,Tapajos,fast,128.5246979725833,2,0.1066,0.4567
Astya_Tap_04,Astyanax_bimaculatus,Tapajos,Tapajos,fast,105.97262308930702,3,0.1375,0.6327
Astya_Tap_04,Astyanax_bimaculatus,Tapajos,Tapajos,fast,135.11677861563146,4,0.2453,0.6273
Astya_Tap_04,Astyanax_bimaculatus,Tapajos,Tapajos,fast,105.01781743410359,5,0.3324,0.8078
Astya_Tap_04,Astyanax_bimaculatus,Tapajos,Tapajos,fast,113.17049212648328,6,0.306,0.2767
Astya_Tap_04,Astyanax_bimaculatus,Tapajos,Tapajos,fast,138.2253038545952,7,0.5387,0.8803
Astya_Tap_04,Astyanax_bimaculatus,Tapajos,Tapajos,fast,129.5621684185653,8,0.6733,0.1655
Astya_Tap_04,Astyanax_bimaculatus,Tapajos,Tapajos,fast,95.98003417025554,9,0.8796,0.6266
Astya_Tap_04,Astyanax_bimaculatus,Tapajos,Tapajos,fast,96.00773797472596,10,0.8853,0.4175
Astya_Tap_04,Astyanax_bimaculatus,Tapajos,Tapajos,fast,132.3451878777742,11,1.1813,0.8413
Astya_Tap_04,Astyanax_bimaculatus,Tapajos,Tapajos,fast,106.17262301904447,12,1.1723,0.1569
Astya_Tap_05,Astyanax_bimaculatus,Tapajos,Tapajos,fast,122.06506372188312,1,0.0071,0.6137
Astya_Tap_05,Astyanax_bimaculatus,Tapajos,Tapajos,fast,94.3258318555266,2,0.1202,0.4442
Astya_Tap_05,Astyanax_bimaculatus,Tapajos,Tapajos,fast,127.31879431126607,3,0.1334,0.6575
Astya_Tap_05,Astyanax_bimaculatus,Tapajos,Tapajos,fast,111.63236228562806,4,0.191,0.6319
Astya_Tap_05,Astyanax_bimaculatus,Tapajos,Tapajos,fast,132.54658881147478,5,0.3121,0.794
Astya_Tap_05,Astyanax_bimaculatus,Tapajos,Tapajos,fast,129.84551537341056,6,0.3143,0.3076
Astya_Tap_05,Astyanax_bimaculatus,Tapajos,Tapajos,fast,109.13570621118183,7,0.532,0.8702
Astya_Tap_05,Astyanax_bimaculatus,Tapajos,Tapajos,fast,110.9604518012888,8,0.6366,0.1643
Astya_Tap_05,Astyanax_bimaculatus,Tapajos,Tapajos,fast,114.73220931268963,9,0.8351,0.623
Astya_Tap_05,Astyanax_bimaculatus,Tapajos,Tapajos,fast,99.69473112764506,10,0.8322,0.4287
Astya_Tap_05,Astyanax_bimaculatus,Tapajos,Tapajos,fast,111.77961469510144,11,1.1073,0.8587
Astya_Tap_05,Astyanax_bimaculatus,Tapajos,Tapajos,fast,100.24372134358211,12,1.1068,0.1588
Astya_Tap_06,Astyanax_bimaculatus,Tapajos,Tapajos,fast,134.47309338779172,1,0.0117,0.5893
Astya_Tap_06,Astyanax_bimaculatus,Tapajos,Tapajos,fast,107.28483089498526,2,0.0915,0.4706
Astya_Tap_06,Astyanax_bimaculatus,Tapajos,Tapajos,fast,123.89521675636404,3,0.1096,0.6497
Astya_Tap_06,Astyanax_bimaculatus,Tapajos,Tapajos,fast,123.72297612083956,4,0.2113,0.6313
Astya_Tap_06,Astyanax_bimaculatus,Tapajos,Tapajos,fast,96.0116592830733,5,0.2863,0.7997
Astya_Tap_06,Astyanax_bimaculatus,Tapajos,Tapajos,fast,144.2721807255534,6,0.292,0.2906
Astya_Tap_06,Astyanax_bimaculatus,Tapajos,Tapajos,fast,104.46715646114635,7,0.5054,0.8832
Astya_Tap_06,Astyanax_bimaculatus,Tapajos,Tapajos,fast,142.4058059073413,8,0.5948,0.1642
Astya_Tap_06,Astyanax_bimaculatus,Tapajos,Tapajos,fast,143.87297634293265,9,0.8028,0.6461
Astya_Tap_06,Astyanax_bimaculatus,Tapajos,Tapajos,fast,97.85703830536661,10,0.7882,0.4051
Astya_Tap_06,Astyanax_bimaculatus,Tapajos,Tapajos,fast,114.07254264161315,11,1.0312,0.8397
Astya_Tap_06,Astyanax_bimaculatus,Tapajos,Tapajos,fast,109.18815204354411,12,1.0261,0.1558
Astya_Tap_07,Astyanax_bimaculatus,Tapajos,Tapajos,fast,96.30745666111554,1,0.0237,0.5986
Astya_Tap_07,Astyanax_bimaculatus,Tapajos,Tapajos,fast,135.641285599875,2,0.0908,0.4464
Astya_Tap_07,Astyanax_bimaculatus,Tapajos,Tapajos,fast,137.1976470162647,3,0.113,0.6324
Astya_Tap_07,Astyanax_bimaculatus,Tapajos,Tapajos,fast,139.5723496708627,4,0.2057,0.6074
Astya_Tap_07,Astyanax_bimaculatus,Tapajos,Tapajos,fast,125.06023599261262,5,0.3017,0.8036
Astya_Tap_07,Astyanax_bimaculatus,Tapajos,Tapajos,fast,123.09747338286913,6,0.3081,0.3021
Astya_Tap_07,Astyanax_bimaculatus,Tapajos,Tapajos,fast,139.72607846327168,7,0.4972,0.8768
Astya_Tap_07,Astyanax_bimaculatus,Tapajos,Tapajos,fast,114.15434117624315,8,0.6015,0.1512
Astya_Tap_07,Astyanax_bimaculatus,Tapajos,Tapajos,fast,121.32428557365564,9,0.8058,0.6324
Astya_Tap_07,Astyanax_bimaculatus,Tapajos,Tapajos,fast,96.18885009506175,10,0.8094,0.4236
Astya_Tap_07,Astyanax_bimaculatus,Tapajos,Tapajos,fast,97.39546849661832,11,1.0467,0.8374
Astya_Tap_07,Astyanax_bimaculatus,Tapajos,Tapajos,fast,139.99064563648113,12,1.0621,0.1362
Astya_Tap_08,Astyanax_bimaculatus,Tapajos,Tapajos,fast,142.4209247600722,1,-0.0017,0.5887
Astya_Tap_08,Astyanax_bimaculatus,Tapajos,Tapajos,fast,114.84809206574906,2,0.0783,0.476
Astya_Tap_08,Astyanax_bimaculatus,Tapajos,Tapajos,fast,144.28593498137406,3,0.1393,0.6252
Astya_Tap_08,Astyanax_bimaculatus,Tapajos,Tapajos,fast,109.73502167499687,4,0.2308,0.6512
Astya_Tap_08,Astyanax_bimaculatus,Tapajos,Tapajos,fast,140.0356062748126,5,0.3317,0.8042
Astya_Tap_08,Astyanax_bimaculatus,Tapajos,Tapajos,fast,95.55610632963752,6,0.3185,0.2908
Astya_Tap_08,Astyanax_bimaculatus,Tapajos,Tapajos,fast,127.55193617284257,7,0.5395,0.8644
Astya_Tap_08,Astyanax_bimaculatus,Tapajos,Tapajos,fast,104.73326537135682,8,0.6666,0.1661
Astya_Tap_08,Astyanax_bimaculatus,Tapajos,Tapajos,fast,138.36399418926047,9,0.8698,0.6146
Astya_Tap_08,Astyanax_bimaculatus,Tapajos,Tapajos,fast,131.02046212888985,10,0.8667,0.4238
Astya_Tap_08,Astyanax_bimaculatus,Tapajos,Tapajos,fast,93.7477677643289,11,1.1574,0.8328
Astya_Tap_08,Astyanax_bimaculatus,Tapajos,Tapajos,fast,127.91650449750806,12,1.1632,0.1466
Astya_Tap_09,Astyanax_bimaculatus,Tapajos,Tapajos,fast,123.42963575880918,1,-0.0094,0.6146
Astya_Tap_09,Astyanax_bimaculatus,Tapajos,Tapajos,fast,127.2767102948205,2,0.1064,0.4361
Astya_Tap_09,Astyanax_bimaculatus,Tapajos,Tapajos,fast,104.79004484096058,3,0.1169,0.6312
Astya_Tap_09,Astyanax_bimaculatus,Tapajos,Tapajos,fast,121.61022426391702,4,0.1926,0.6327
Astya_Tap_09,Astyanax_bimaculatus,Tapajos,Tapajos,fast,141.97787833964986,5,0.2954,0.7893
Astya_Tap_09,Astyanax_bimaculatus,Tapajos,Tapajos,fast,104.86466567246933,6,0.3145,0.2827
Astya_Tap_09,Astyanax_bimaculatus,Tapajos,Tapajos,fast,124.28321868123493,7,0.5014,0.8596
Astya_Tap_09,Astyanax_bimaculatus,Tapajos,Tapajos,fast,124.61489166418802,8,0.5955,0.1614
Astya_Tap_09,Astyanax_bimaculatus,Tapajos,Tapajos,fast,100.14623442288328,9,0.7992,0.6155
Astya_Tap_09,Astyanax_bimaculatus,Tapajos,Tapajos,fast,102.94203161003729,10,0.7802,0.4233
Astya_Tap_09,Astyanax_bimaculatus,Tapajos,Tapajos,fast,124.29424281444325,11,1.0558,0.8494
Astya_Tap_09,Astyanax_bimaculatus,Tapajos,Tapajos,fast,127.45502786594848,12,1.0624,0.1516
Astya_Tap_10,Astyanax_bimaculatus,Tapajos,Tapajos,fast,98.92197250302499,1,0.0111,0.607
Astya_Tap_10,Astyanax_bimaculatus,Tapajos,Tapajos,fast,110.09806389744645,2,0.116,0.4773
Astya_Tap_10,Astyanax_bimaculatus,Tapajos,Tapajos,fast,120.84553961122326,3,0.1204,0.6404
Astya_Tap_10,Astyanax_bimaculatus,Tapajos,Tapajos,fast,114.78405891887189,4,0.2159,0.628
Astya_Tap_10,Astyanax_bimaculatus,Tapajos,Tapajos,fast,135.6544449664481,5,0.3353,0.7686
Astya_Tap_10,Astyanax_bimaculatus,Tapajos,Tapajos,fast,129.01200047575438,6,0.3269,0.28
Astya_Tap_10,Astyanax_bimaculatus,Tapajos,Tapajos,fast,109.34272854413338,7,0.5477,0.8611
Astya_Tap_10,Astyanax_bimaculatus,Tapajos,Tapajos,fast,100.67528598593363,8,0.6589,0.1585
Astya_Tap_10,Astyanax_bimaculatus,Tapajos,Tapajos,fast,101.44513746105419,9,0.8857,0.6098
Astya_Tap_10,Astyanax_bimaculatus,Tapajos,Tapajos,fast,93.6030727376079,10,0.8992,0.4169
Astya_Tap_10,Astyanax_bimaculatus,Tapajos,Tapajos,fast,97.56539862509493,11,1.1545,0.8278
Astya_Tap_10,Astyanax_bimaculatus,Tapajos,Tapajos,fast,106.4000439039917,12,1.1581,0.183
Astya_Tap_11,Astyanax_bimaculatus,Tapajos,Tapajos,fast,102.5471354028968,1,-0.0033,0.5864
Astya_Tap_11,Astyanax_bimaculatus,Tapajos,Tapajos,fast,103.70089024933978,2,0.092,0.4574
Astya_Tap_11,Astyanax_bimaculatus,Tapajos,Tapajos,fast,129.56181189654922,3,0.1309,0.632
Astya_Tap_11,Astyanax_bimaculatus,Tapajos,Tapajos,fast,97.50400153241692,4,0.1947,0.6266
Astya_Tap_11,Astyanax_bimaculatus,Tapajos,Tapajos,fast,114.73470669161387,5,0.2824,0.7957
Astya_Tap_11,Astyanax_bimaculatus,Tapajos,Tapajos,fast,133.16205260212809,6,0.2941,0.2673
Astya_Tap_11,Astyanax_bimaculatus,Tapajos,Tapajos,fast,114.74337009273667,7,0.4766,0.8703
Astya_Tap_11,Astyanax_bimaculatus,Tapajos,Tapajos,fast,129.47401480889488,8,0.5608,0.1595
Astya_Tap_11,Astyanax_bimaculatus,Tapajos,Tapajos,fast,136.39732605123757,9,0.7545,0.6182
Astya_Tap_11,Astyanax_bimaculatus,Tapajos,Tapajos,fast,143.81763247047263,10,0.7673,0.4224
Astya_Tap_11,Astyanax_bimaculatus,Tapajos,Tapajos,fast,135.6721911849186,11,0.9739,0.8532
Astya_Tap_11,Astyanax_bimaculatus,Tapajos,Tapajos,fast,107.63182680389909,12,0.997,0.1524
Astya_Tap_12,Astyanax_bimaculatus,Tapajos,Tapajos,fast,111.80933267634636,1,0.0088,0.5825
Astya_Tap_12,Astyanax_bimaculatus,Tapajos,Tapajos,fast,96.50541143870592,2,0.102,0.4669
Astya_Tap_12,Astyanax_bimaculatus,Tapajos,Tapajos,fast,114.30882243712693,3,0.1341,0.6354
Astya_Tap_12,Astyanax_bimaculatus,Tapajos,Tapajos,fast,125.94877539489383,4,0.2317,0.635
Astya_Tap_12,Astyanax_bimaculatus,Tapajos,Tapajos,fast,98.84842832937734,5,0.3407,0.819
Astya_Tap_12,Astyanax_bimaculatus,Tapajos,Tapajos,fast,114.40603501660041,6,0.3096,0.2809
Astya_Tap_12,Astyanax_bimaculatus,Tapajos,Tapajos,fast,117.73889183588479,7,0.5345,0.8576
Astya_Tap_12,Astyanax_bimaculatus,Tapajos,Tapajos,fast,104.56850481134147,8,0.621,0.1808
Astya_Tap_12,Astyanax_bimaculatus,Tapajos,Tapajos,fast,138.33996265837823,9,0.8167,0.6203
Astya_Tap_12,Astyanax_bimaculatus,Tapajos,Tapajos,fast,110.9049839646027,10,0.8396,0.4063
Astya_Tap_12,Astyanax_bimaculatus,Tapajos,Tapajos,fast,133.56278827985116,11,1.0859,0.8404
Astya_Tap_12,Astyanax_bimaculatus,Tapajos,Tapajos,fast,101.25370384569628,12,1.0678,0.156
Astya_Xin_01,Astyanax_bimaculatus,Xingu,Xingu,fast,102.16456838912947,1,-0.0014,0.591
Astya_Xin_01,Astyanax_bimaculatus,Xingu,Xingu,fast,132.99443062709668,2,0.0845,0.4461
Astya_Xin_01,Astyanax_bimaculatus,Xingu,Xingu,fast,141.53328161074782,3,0.127,0.5977
Astya_Xin_01,Astyanax_bimaculatus,Xingu,Xingu,fast,137.36338762676712,4,0.1901,0.6233
Astya_Xin_01,Astyanax_bimaculatus,Xingu,Xingu,fast,107.7041386595841,5,0.298,0.8146
Astya_Xin_01,Astyanax_bimaculatus,Xingu,Xingu,fast,106.50240116863839,6,0.316,0.2818
Astya_Xin_01,Astyanax_bimaculatus,Xingu,Xingu,fast,114.29862866394421,7,0.5191,0.8626
Astya_Xin_01,Astyanax_bimaculatus,Xingu,Xingu,fast,134.7787386019469,8,0.634,0.1562
Astya_Xin_01,Astyanax_bimaculatus,Xingu,Xingu,fast,106.89807481150218,9,0.8085,0.6245
Astya_Xin_01,Astyanax_bimaculatus,Xingu,Xingu,fast,128.2945781197725,10,0.7992,0.4097
Astya_Xin_01,Astyanax_bimaculatus,Xingu,Xingu,fast,110.41933848713481,11,1.0609,0.8389
Astya_Xin_01,Astyanax_bimaculatus,Xingu,Xingu,fast,96.24082201936416,12,1.0492,0.1528
Astya_Xin_02,Astyanax_bimaculatus,Xingu,Xingu,fast,127.23514182172931,1,0.0081,0.6008
Astya_Xin_02,Astyanax_bimaculatus,Xingu,Xingu,fast,130.67486681406896,2,0.1137,0.4536
Astya_Xin_02,Astyanax_bimaculatus,Xingu,Xingu,fast,109.92107305768545,3,0.1463,0.6329
Astya_Xin_02,Astyanax_bimaculatus,Xingu,Xingu,fast,122.43814356800051,4,0.2081,0.6385
Astya_Xin_02,Astyanax_bimaculatus,Xingu,Xingu,fast,134.14971335177108,5,0.3411,0.7923
Astya_Xin_02,Astyanax_bimaculatus,Xingu,Xingu,fast,126.00936073471503,6,0.3423,0.3077
Astya_Xin_02,Astyanax_bimaculatus,Xingu,Xingu,fast,102.9099144722318,7,0.5558,0.8801
Astya_Xin_02,Astyanax_bimaculatus,Xingu,Xingu,fast,101.63613425717355,8,0.6727,0.1612
Astya_Xin_02,Astyanax_bimaculatus,Xingu,Xingu,fast,93.96819776887875,9,0.8797,0.627
Astya_Xin_02,Astyanax_bimaculatus,Xingu,Xingu,fast,131.8814398203504,10,0.8875,0.4301
Astya_Xin_02,Astyanax_bimaculatus,Xingu,Xingu,fast,136.78120405076496,11,1.18,0.8142
Astya_Xin_02,Astyanax_bimaculatus,Xingu,Xingu,fast,98.73749866275847,12,1.2047,0.1506
Astya_Xin_03,Astyanax_bimaculatus,Xingu,Xingu,fast,99.24610426308313,1,0.0175,0.605
Astya_Xin_03,Astyanax_bimaculatus,Xingu,Xingu,fast,123.78330696327389,2,0.0919,0.4523
Astya_Xin_03,Astyanax_bimaculatus,Xingu,Xingu,fast,136.69122973731967,3,0.1121,0.6415
Astya_Xin_03,Astyanax_bimaculatus,Xingu,Xingu,fast,140.87550797441105,4,0.2053,0.6377
Astya_Xin_03,Astyanax_bimaculatus,Xingu,Xingu,fast,130.00632576717598,5,0.295,0.775
Astya_Xin_03,Astyanax_bimaculatus,Xingu,Xingu,fast,132.67475870179726,6,0.291,0.2861
Astya_Xin_03,Astyanax_bimaculatus,Xingu,Xingu,fast,134.69173913553138,7,0.5058,0.8695
Astya_Xin_03,Astyanax_bimaculatus,Xingu,Xingu,fast,143.55169676459155,8,0.5991,0.1707
Astya_Xin_03,Astyanax_bimaculatus,Xingu,Xingu,fast,93.60000895632156,9,0.8049,0.6189
Astya_Xin_03,Astyanax_bimaculatus,Xingu,Xingu,fast,104.74001563985294,10,0.8152,0.4275
Astya_Xin_03,Astyanax_bimaculatus,Xingu,Xingu,fast,123.38323816313824,11,1.0622,0.8471
Astya_Xin_03,Astyanax_bimaculatus,Xingu,Xingu,fast,142.33271259361806,12,1.0489,0.156
Astya_Xin_04,Astyanax_bimaculatus,Xingu,Xingu,fast,141.18477797588142,1,0.0191,0.5959
Astya_Xin_04,Astyanax_bimaculatus,Xingu,Xingu,fast,133.57397539215162,2,0.0979,0.4496
Astya_Xin_04,Astyanax_bimaculatus,Xingu,Xingu,fast,119.20126706482705,3,0.114,0.6179
Astya_Xin_04,Astyanax_bimaculatus,Xingu,Xingu,fast,142.59231677783393,4,0.1756,0.627
Astya_Xin_04,Astyanax_bimaculatus,Xingu,Xingu,fast,111.48975555193081,5,0.3011,0.7814
Astya_Xin_04,Astyanax_bimaculatus,Xingu,Xingu,fast,127.90380164704453,6,0.2691,0.3174
Astya_Xin_04,Astyanax_bimaculatus,Xingu,Xingu,fast,144.26992356900217,7,0.5078,0.8597
Astya_Xin_04,Astyanax_bimaculatus,Xingu,Xingu,fast,123.40075894268946,8,0.5768,0.1426
Astya_Xin_04,Astyanax_bimaculatus,Xingu,Xingu,fast,130.917835619639,9,0.7854,0.6167
Astya_Xin_04,Astyanax_bimaculatus,Xingu,Xingu,fast,106.21389437091443,10,0.7894,0.4089
Astya_Xin_04,Astyanax_bimaculatus,Xingu,Xingu,fast,141.31158569529643,11,1.039,0.8509
Astya_Xin_04,Astyanax_bimaculatus,Xingu,Xingu,fast,108.13508596888867,12,1.0535,0.1719
Astya_Xin_05,Astyanax_bimaculatus,Xingu,Xingu,fast,141.91171764712902,1,0.0212,0.5786
Astya_Xin_05,Astyanax_bimaculatus,Xingu,Xingu,fast,132.89326277313367,2,0.0986,0.4609
Astya_Xin_05,Astyanax_bimaculatus,Xingu,Xingu,fast,130.24856168172482,3,0.1028,0.6237
Astya_Xin_05,Astyanax_bimaculatus,Xingu,Xingu,fast,124.57681096470965,4,0.2095,0.6325
Astya_Xin_05,Astyanax_bimaculatus,Xingu,Xingu,fast,123.30717946577224,5,0.3114,0.7904
Astya_Xin_05,Astyanax_bimaculatus,Xingu,Xingu,fast,109.25110729455646,6,0.3294,0.2908
Astya_Xin_05,Astyanax_bimaculatus,Xingu,Xingu,fast,109.04437164192238,7,0.5155,0.8809
Astya_Xin_05,Astyanax_bimaculatus,Xingu,Xingu,fast,98.40498064311929,8,0.613,0.1514
Astya_Xin_05,Astyanax_bimaculatus,Xingu,Xingu,fast,94.8475482704245,9,0.811,0.6437
Astya_Xin_05,Astyanax_bimaculatus,Xingu,Xingu,fast,120.12736166472521,10,0.8158,0.4271
Astya_Xin_05,Astyanax_bimaculatus,Xingu,Xingu,fast,117.32587727211771,11,1.067,0.8395
Astya_Xin_05,Astyanax_bimaculatus,Xingu,Xingu,fast,119.94136638459256,12,1.0845,0.1594
Astya_Xin_06,Astyanax_bimaculatus,Xingu,Xingu,fast,97.40768195524552,1,0.0275,0.5986
Astya_Xin_06,Astyanax_bimaculatus,Xingu,Xingu,fast,110.02941949726807,2,0.0956,0.4513
Astya_Xin_06,Astyanax_bimaculatus,Xingu,Xingu,fast,138.22759039278088,3,0.127,0.6414
Astya_Xin_06,Astyanax_bimaculatus,Xingu,Xingu,fast,134.16076162222365,4,0.2062,0.6334
Astya_Xin_06,Astyanax_bimaculatus,Xingu,Xingu,fast,93.53246730528454,5,0.2991,0.8179
Astya_Xin_06,Astyanax_bimaculatus,Xingu,Xingu,fast,116.85284728466877,6,0.307,0.2878
Astya_Xin_06,Astyanax_bimaculatus,Xingu,Xingu,fast,118.97321831798017,7,0.5067,0.8777
Astya_Xin_06,Astyanax_bimaculatus,Xingu,Xingu,fast,111.73028798252462,8,0.6087,0.161
Astya_Xin_06,Astyanax_bimaculatus,Xingu,Xingu,fast,115.14258520125998,9,0.8302,0.6207
Astya_Xin_06,Astyanax_bimaculatus,Xingu,Xingu,fast,126.47209086383353,10,0.8275,0.4364
Astya_Xin_06,Astyanax_bimaculatus,Xingu,Xingu,fast,103.1650726991781,11,1.0794,0.832
Astya_Xin_06,Astyanax_bimaculatus,Xingu,Xingu,fast,120.06328518978926,12,1.0703,0.1507
Astya_Xin_07,Astyanax_bimaculatus,Xingu,Xingu,fast,99.80574964309747,1,-0.0112,0.5856
Astya_Xin_07,Astyanax_bimaculatus,Xingu,Xingu,fast,138.43576289202178,2,0.095,0.4576
Astya_Xin_07,Astyanax_bimaculatus,Xingu,Xingu,fast,134.6885783315363,3,0.1372,0.632
Astya_Xin_07,Astyanax_bimaculatus,Xingu,Xingu,fast,134.14154235584328,4,0.1847,0.6278
Astya_Xin_07,Astyanax_bimaculatus,Xingu,Xingu,fast,138.59929234685706,5,0.2932,0.8042
Astya_Xin_07,Astyanax_bimaculatus,Xingu,Xingu,fast,107.7943836021787,6,0.2999,0.3095
Astya_Xin_07,Astyanax_bimaculatus,Xingu,Xingu,fast,111.06101747528582,7,0.5126,0.8793
Astya_Xin_07,Astyanax_bimaculatus,Xingu,Xingu,fast,138.47426901452903,8,0.6021,0.1511
Astya_Xin_07,Astyanax_bimaculatus,Xingu,Xingu,fast,99.70044098338947,9,0.8036,0.6266
Astya_Xin_07,Astyanax_bimaculatus,Xingu,Xingu,fast,105.46297138445921,10,0.8022,0.4192
Astya_Xin_07,Astyanax_bimaculatus,Xingu,Xingu,fast,138.90744247375738,11,1.0699,0.8427
Astya_Xin_07,Astyanax_bimaculatus,Xingu,Xingu,fast,133.6524357938693,12,1.0744,0.1351
Astya_Xin_08,Astyanax_bimaculatus,Xingu,Xingu,fast,123.59008607302718,1,-0.002,0.5953
Astya_Xin_08,Astyanax_bimaculatus,Xingu,Xingu,fast,100.46596505057883,2,0.0877,0.4327
Astya_Xin_08,Astyanax_bimaculatus,Xingu,Xingu,fast,135.22569674504768,3,0.1411,0.6362
Astya_Xin_08,Astyanax_bimaculatus,Xingu,Xingu,fast,103.9623137932947,4,0.1864,0.6281
Astya_Xin_08,Astyanax_bimaculatus,Xingu,Xingu,fast,98.81580827926936,5,0.2866,0.8017
Astya_Xin_08,Astyanax_bimaculatus,Xingu,Xingu,fast,119.92273941116552,6,0.2784,0.2943
Astya_Xin_08,Astyanax_bimaculatus,Xingu,Xingu,fast,129.36445061722893,7,0.4811,0.8964
Astya_Xin_08,Astyanax_bimaculatus,Xingu,Xingu,fast,107.69540947760586,8,0.566,0.1515
Astya_Xin_08,Astyanax_bimaculatus,Xingu,Xingu,fast,132.57129446784188,9,0.7641,0.6191
Astya_Xin_08,Astyanax_bimaculatus,Xingu,Xingu,fast,136.4856300152962,10,0.7789,0.4305
Astya_Xin_08,Astyanax_bimaculatus,Xingu,Xingu,fast,140.21878935119884,11,0.9963,0.8397
Astya_Xin_08,Astyanax_bimaculatus,Xingu,Xingu,fast,144.46335475207727,12,1.0077,0.1728
Astya_Xin_09,Astyanax_bimaculatus,Xingu,Xingu,fast,124.00441184903028,1,-0.0027,0.6021
Astya_Xin_09,Astyanax_bimaculatus,Xingu,Xingu,fast,95.30929947841159,2,0.1057,0.4764
Astya_Xin_09,Astyanax_bimaculatus,Xingu,Xingu,fast,94.1749041431342,3,0.1244,0.6235
Astya_Xin_09,Astyanax_bimaculatus,Xingu,Xingu,fast,108.95322409212093,4,0.2363,0.6188
Astya_Xin_09,Astyanax_bimaculatus,Xingu,Xingu,fast,138.2715618217839,5,0.3397,0.7578
Astya_Xin_09,Astyanax_bimaculatus,Xingu,Xingu,fast,107.66991209216141,6,0.3584,0.292
Astya_Xin_09,Astyanax_bimaculatus,Xingu,Xingu,fast,129.46518172158773,7,0.5675,0.8822
Astya_Xin_09,Astyanax_bimaculatus,Xingu,Xingu,fast,133.59486993819286,8,0.6685,0.156
Astya_Xin_09,Astyanax_bimaculatus,Xingu,Xingu,fast,143.40591092107448,9,0.8889,0.6032
Astya_Xin_09,Astyanax_bimaculatus,Xingu,Xingu,fast,121.43030200824029,10,0.8861,0.4116
Astya_Xin_09,Astyanax_bimaculatus,Xingu,Xingu,fast,104.08168256398847,11,1.1756,0.8206
Astya_Xin_09,Astyanax_bimaculatus,Xingu,Xingu,fast,103.34148581517701,12,1.1883,0.1558
Astya_Xin_10,Astyanax_bimaculatus,Xingu,Xingu,fast,97.02178543494504,1,0.0128,0.6011
Astya_Xin_10,Astyanax_bimaculatus,Xingu,Xingu,fast,123.24539014641857,2,0.1051,0.4613
Astya_Xin_10,Astyanax_bimaculatus,Xingu,Xingu,fast,117.85022463191237,3,0.1293,0.6342
Astya_Xin_10,Astyanax_bimaculatus,Xingu,Xingu,fast,118.92533188713807,4,0.2045,0.6431
Astya_Xin_10,Astyanax_bimaculatus,Xingu,Xingu,fast,129.17702346404116,5,0.2954,0.8145
Astya_Xin_10,Astyanax_bimaculatus,Xingu,Xingu,fast,109.18737427445606,6,0.3006,0.2633
Astya_Xin_10,Astyanax_bimaculatus,Xingu,Xingu,fast,95.0871810064699,7,0.4822,0.8685
Astya_Xin_10,Astyanax_bimaculatus,Xingu,Xingu,fast,106.57799796257392,8,0.5832,0.1507
Astya_Xin_10,Astyanax_bimaculatus,Xingu,Xingu,fast,140.9590715681095,9,0.7734,0.5987
Astya_Xin_10,Astyanax_bimaculatus,Xingu,Xingu,fast,138.52446853140378,10,0.7737,0.4127
Astya_Xin_10,Astyanax_bimaculatus,Xingu,Xingu,fast,133.53646248990847,11,1.0209,0.8337
Astya_Xin_10,Astyanax_bimaculatus,Xingu,Xingu,fast,108.44321265258114,12,1.0456,0.1539
Astya_Xin_11,Astyanax_bimaculatus,Xingu,Xingu,fast,102.77638943112551,1,0.0031,0.6022
Astya_Xin_11,Astyanax_bimaculatus,Xingu,Xingu,fast,135.0039085287992,2,0.103,0.4608
Astya_Xin_11,Astyanax_bimaculatus,Xingu,Xingu,fast,100.69364183730215,3,0.1127,0.6145
Astya_Xin_11,Astyanax_bimaculatus,Xingu,Xingu,fast,123.97761381614232,4,0.1946,0.6261
Astya_Xin_11,Astyanax_bimaculatus,Xingu,Xingu,fast,113.178300659685,5,0.3076,0.7922
Astya_Xin_11,Astyanax_bimaculatus,Xingu,Xingu,fast,117.84403151872453,6,0.3051,0.2865
Astya_Xin_11,Astyanax_bimaculatus,Xingu,Xingu,fast,100.9819908086919,7,0.4765,0.8707
Astya_Xin_11,Astyanax_bimaculatus,Xingu,Xingu,fast,109.73997883957477,8,0.5881,0.1822
Astya_Xin_11,Astyanax_bimaculatus,Xingu,Xingu,fast,117.1815000223623,9,0.7655,0.6079
Astya_Xin_11,Astyanax_bimaculatus,Xingu,Xingu,fast,95.59006659307316,10,0.7827,0.4006
Astya_Xin_11,Astyanax_bimaculatus,Xingu,Xingu,fast,97.77410330277007,11,1.006,0.8424
Astya_Xin_11,Astyanax_bimaculatus,Xingu,Xingu,fast,96.49988840005338,12,1.0354,0.1679
Astya_Xin_12,Astyanax_bimaculatus,Xingu,Xingu,fast,105.0623429932979,1,0.0027,0.5658
Astya_Xin_12,Astyanax_bimaculatus,Xingu,Xingu,fast,96.60661926943217,2,0.0872,0.443
Astya_Xin_12,Astyanax_bimaculatus,Xingu,Xingu,fast,100.0015553955472,3,0.1366,0.6257
Astya_Xin_12,Astyanax_bimaculatus,Xingu,Xingu,fast,108.7698112971659,4,0.1696,0.648
Astya_Xin_12,Astyanax_bimaculatus,Xingu,Xingu,fast,118.94444161569243,5,0.318,0.7848
Astya_Xin_12,Astyanax_bimaculatus,Xingu,Xingu,fast,118.719954069399,6,0.2937,0.3057
Astya_Xin_12,Astyanax_bimaculatus,Xingu,Xingu,fast,100.65327526032246,7,0.4978,0.8768
Astya_Xin_12,Astyanax_bimaculatus,Xingu,Xingu,fast,121.14089661993708,8,0.5981,0.163
Astya_Xin_12,Astyanax_bimaculatus,Xingu,Xingu,fast,136.727606336264,9,0.7935,0.6046
Astya_Xin_12,Astyanax_bimaculatus,Xingu,Xingu,fast,122.66099733732588,10,0.7924,0.4052
Astya_Xin_12,Astyanax_bimaculatus,Xingu,Xingu,fast,108.88132760978388,11,1.0553,0.8734
Astya_Xin_12,Astyanax_bimaculatus,Xingu,Xingu,fast,134.7519238247854,12,1.0686,0.1599
Astya_Toc_01,Astyanax_bimaculatus,Tocantins,Tocantins,slow,135.21671686279507,1,-0.0026,0.5879
Astya_Toc_01,Astyanax_bimaculatus,Tocantins,Tocantins,slow,106.74992839959528,2,0.0943,0.4634
Astya_Toc_01,Astyanax_bimaculatus,Tocantins,Tocantins,slow,120.38537043848913,3,0.1499,0.627
Astya_Toc_01,Astyanax_bimaculatus,Tocantins,Tocantins,slow,102.32888503925173,4,0.2003,0.6319
Astya_Toc_01,Astyanax_bimaculatus,Tocantins,Tocantins,slow,109.94291789200444,5,0.2963,0.7971
Astya_Toc_01,Astyanax_bimaculatus,Tocantins,Tocantins,slow,96.91779693788524,6,0.3015,0.2882
Astya_Toc_01,Astyanax_bimaculatus,Tocantins,Tocantins,slow,102.72695748550348,7,0.4574,0.8879
Astya_Toc_01,Astyanax_bimaculatus,Tocantins,Tocantins,slow,122.59332153228088,8,0.5385,0.1629
Astya_Toc_01,Astyanax_bimaculatus,Tocantins,Tocantins,slow,98.79761647345003,9,0.7667,0.6123
Astya_Toc_01,Astyanax_bimaculatus,Tocantins,Tocantins,slow,132.59511236548897,10,0.7466,0.4289
Astya_Toc_01,Astyanax_bimaculatus,Tocantins,Tocantins,slow,131.18458187956102,11,1.0139,0.7845
Astya_Toc_01,Astyanax_bimaculatus,Tocantins,Tocantins,slow,99.78127236184724,12,0.9903,0.2198
Astya_Toc_02,Astyanax_bimaculatus,Tocantins,Tocantins,slow,136.76542124489154,1,0.0143,0.6002
Astya_Toc_02,Astyanax_bimaculatus,Tocantins,Tocantins,slow,99.51559902855116,2,0.0879,0.4527
Astya_Toc_02,Astyanax_bimaculatus,Tocantins,Tocantins,slow,100.35438748573426,3,0.1161,0.6253
Astya_Toc_02,Astyanax_bimaculatus,Tocantins,Tocantins,slow,98.994383403561,4,0.2098,0.6422
Astya_Toc_02,Astyanax_bimaculatus,Tocantins,Tocantins,slow,121.90222526189679,5,0.2974,0.7868
Astya_Toc_02,Astyanax_bimaculatus,Tocantins,Tocantins,slow,133.02324932155872,6,0.3122,0.2816
Astya_Toc_02,Astyanax_bimaculatus,Tocantins,Tocantins,slow,93.7526579170983,7,0.4895,0.8926
Astya_Toc_02,Astyanax_bimaculatus,Tocantins,Tocantins,slow,118.78827559043461,8,0.5716,0.1592
Astya_Toc_02,Astyanax_bimaculatus,Tocantins,Tocantins,slow,143.15383875374567,9,0.7627,0.624
Astya_Toc_02,Astyanax_bimaculatus,Tocantins,Tocantins,slow,136.09913656883936,10,0.7867,0.43
Astya_Toc_02,Astyanax_bimaculatus,Tocantins,Tocantins,slow,118.49247947987878,11,1.0382,0.7793
Astya_Toc_02,Astyanax_bimaculatus,Tocantins,Tocantins,slow,126.99877997907569,12,1.047,0.2113
Astya_Toc_03,Astyanax_bimaculatus,Tocantins,Tocantins,slow,110.16064995838818,1,0.0,0.5752
Astya_Toc_03,Astyanax_bimaculatus,Tocantins,Tocantins,slow,141.6786818053372,2,0.0993,0.4435
Astya_Toc_03,Astyanax_bimaculatus,Tocantins,Tocantins,slow,139.2566320300463,3,0.1235,0.6257
Astya_Toc_03,Astyanax_bimaculatus,Tocantins,Tocantins,slow,120.49139347199146,4,0.2245,0.6247
Astya_Toc_03,Astyanax_bimaculatus,Tocantins,Tocantins,slow,120.53486488216959,5,0.3157,0.8186
Astya_Toc_03,Astyanax_bimaculatus,Tocantins,Tocantins,slow,110.85202364275852,6,0.3146,0.2741
Astya_Toc_03,Astyanax_bimaculatus,Tocantins,Tocantins,slow,113.80476551281114,7,0.4672,0.8528
Astya_Toc_03,Astyanax_bimaculatus,Tocantins,Tocantins,slow,101.18430861726412,8,0.5582,0.1541
Astya_Toc_03,Astyanax_bimaculatus,Tocantins,Tocantins,slow,106.21053330457596,9,0.7717,0.6198
Astya_Toc_03,Astyanax_bimaculatus,Tocantins,Tocantins,slow,123.95067900767215,10,0.757,0.4302
Astya_Toc_03,Astyanax_bimaculatus,Tocantins,Tocantins,slow,115.0016541204178,11,1.0117,0.7671
Astya_Toc_03,Astyanax_bimaculatus,Tocantins,Tocantins,slow,136.40651139199383,12,0.9967,0.2159
Astya_Toc_04,Astyanax_bimaculatus,Tocantins,Tocantins,slow,127.49902998904496,1,0.0146,0.594
Astya_Toc_04,Astyanax_bimaculatus,Tocantins,Tocantins,slow,123.42663351585031,2,0.1304,0.47
Astya_Toc_04,Astyanax_bimaculatus,Tocantins,Tocantins,slow,117.06813531632919,3,0.161,0.6327
Astya_Toc_04,Astyanax_bimaculatus,Tocantins,Tocantins,slow,130.8241936610347,4,0.2193,0.6298
Astya_Toc_04,Astyanax_bimaculatus,Tocantins,Tocantins,slow,129.01463184253032,5,0.3492,0.7858
Astya_Toc_04,Astyanax_bimaculatus,Tocantins,Tocantins,slow,97.28046416804098,6,0.3368,0.2935
Astya_Toc_04,Astyanax_bimaculatus,Tocantins,Tocantins,slow,96.68644784436606,7,0.5132,0.8908
Astya_Toc_04,Astyanax_bimaculatus,Tocantins,Tocantins,slow,115.95027657800331,8,0.6321,0.1454
Astya_Toc_04,Astyanax_bimaculatus,Tocantins,Tocantins,slow,130.20332426334917,9,0.8474,0.6281
Astya_Toc_04,Astyanax_bimaculatus,Tocantins,Tocantins,slow,109.63366649123878,10,0.8572,0.4173
Astya_Toc_04,Astyanax_bimaculatus,Tocantins,Tocantins,slow,126.58093822041502,11,1.134,0.7803
Astya_Toc_04,Astyanax_bimaculatus,Tocantins,Tocantins,slow,110.10698744410195,12,1.1337,0.2351
Astya_Toc_05,Astyanax_bimaculatus,Tocantins,Tocantins,slow,143.82700006050928,1,0.0125,0.6178
Astya_Toc_05,Astyanax_bimaculatus,Tocantins,Tocantins,slow,124.2859735814074,2,0.1265,0.4615
Astya_Toc_05,Astyanax_bimaculatus,Tocantins,Tocantins,slow,107.06191489591606,3,0.1576,0.634
Astya_Toc_05,Astyanax_bimaculatus,Tocantins,Tocantins,slow,100.73570194736823,4,0.1874,0.6411
Astya_Toc_05,Astyanax_bimaculatus,Tocantins,Tocantins,slow,120.71946745026524,5,0.3177,0.8018
Astya_Toc_05,Astyanax_bimaculatus,Tocantins,Tocantins,slow,120.40669089476246,6,0.3605,0.2995
Astya_Toc_05,Astyanax_bimaculatus,Tocantins,Tocantins,slow,103.48672832029553,7,0.5095,0.8713
Astya_Toc_05,Astyanax_bimaculatus,Tocantins,Tocantins,slow,130.80050765582146,8,0.6088,0.1548
Astya_Toc_05,Astyanax_bimaculatus,Tocantins,Tocantins,slow,114.33617707986507,9,0.8421,0.6024
Astya_Toc_05,Astyanax_bimaculatus,Tocantins,Tocantins,slow,140.9159316247463,10,0.852,0.4179
Astya_Toc_05,Astyanax_bimaculatus,Tocantins,Tocantins,slow,136.64648525385562,11,1.124,0.7697
Astya_Toc_05,Astyanax_bimaculatus,Tocantins,Tocantins,slow,126.21068964164488,12,1.1295,0.2506
Astya_Toc_06,Astyanax_bimaculatus,Tocantins,Tocantins,slow,130.72173434787382,1,-0.031,0.5973
Astya_Toc_06,Astyanax_bimaculatus,Tocantins,Tocantins,slow,103.96761425942842,2,0.1414,0.4483
Astya_Toc_06,Astyanax_bimaculatus,Tocantins,Tocantins,slow,99.38305196187514,3,0.1473,0.6413
Astya_Toc_06,Astyanax_bimaculatus,Tocantins,Tocantins,slow,141.88111264005713,4,0.2103,0.6352
Astya_Toc_06,Astyanax_bimaculatus,Tocantins,Tocantins,slow,128.27083961128795,5,0.3538,0.795
Astya_Toc_06,Astyanax_bimaculatus,Tocantins,Tocantins,slow,106.56108675130116,6,0.3527,0.2857
Astya_Toc_06,Astyanax_bimaculatus,Tocantins,Tocantins,slow,96.63384252260691,7,0.5256,0.8733
Astya_Toc_06,Astyanax_bimaculatus,Tocantins,Tocantins,slow,139.54154709969083,8,0.6398,0.1515
Astya_Toc_06,Astyanax_bimaculatus,Tocantins,Tocantins,slow,123.46359222321294,9,0.8642,0.653
Astya_Toc_06,Astyanax_bimaculatus,Tocantins,Tocantins,slow,117.21313002758637,10,0.8573,0.434
Astya_Toc_06,Astyanax_bimaculatus,Tocantins,Tocantins,slow,108.5247080165319,11,1.1512,0.7727
Astya_Toc_06,Astyanax_bimaculatus,Tocantins,Tocantins,slow,117.45735950519463,12,1.1428,0.2548
Astya_Toc_07,Astyanax_bimaculatus,Tocantins,Tocantins,slow,95.95127372343534,1,-0.0107,0.6061
Astya_Toc_07,Astyanax_bimaculatus,Tocantins,Tocantins,slow,126.68331596076833,2,0.1044,0.4618
Astya_Toc_07,Astyanax_bimaculatus,Tocantins,Tocantins,slow,96.1431515869257,3,0.1321,0.6274
Astya_Toc_07,Astyanax_bimaculatus,Tocantins,Tocantins,slow,96.4496893152461,4,0.1977,0.6502
Astya_Toc_07,Astyanax_bimaculatus,Tocantins,Tocantins,slow,95.9495655028565,5,0.2923,0.793
Astya_Toc_07,Astyanax_bimaculatus,Tocantins,Tocantins,slow,130.05171703758504,6,0.2831,0.2863
Astya_Toc_07,Astyanax_bimaculatus,Tocantins,Tocantins,slow,130.16125724787744,7,0.4438,0.8623
Astya_Toc_07,Astyanax_bimaculatus,Tocantins,Tocantins,slow,127.66822511188428,8,0.5414,0.161
Astya_Toc_07,Astyanax_bimaculatus,Tocantins,Tocantins,slow,142.10144812355495,9,0.7329,0.6216
Astya_Toc_07,Astyanax_bimaculatus,Tocantins,Tocantins,slow,114.73509917641616,10,0.7618,0.4226
Astya_Toc_07,Astyanax_bimaculatus,Tocantins,Tocantins,slow,109.87024044982257,11,0.9815,0.7742
Astya_Toc_07,Astyanax_bimaculatus,Tocantins,Tocantins,slow,131.9904668226091,12,0.9977,0.2514
Astya_Toc_08,Astyanax_bimaculatus,Tocantins,Tocantins,slow,102.17374592745838,1,-0.0248,0.5868
Astya_Toc_08,Astyanax_bimaculatus,Tocantins,Tocantins,slow,126.63464009463513,2,0.0917,0.4379
Astya_Toc_08,Astyanax_bimaculatus,Tocantins,Tocantins,slow,94.48351715776107,3,0.1372,0.6382
Astya_Toc_08,Astyanax_bimaculatus,Tocantins,Tocantins,slow,116.74570917438888,4,0.2296,0.6185
Astya_Toc_08,Astyanax_bimaculatus,Tocantins,Tocantins,slow,108.40794742725205,5,0.3281,0.8017
Astya_Toc_08,Astyanax_bimaculatus,Tocantins,Tocantins,slow,112.83614379729805,6,0.3178,0.2888
Astya_Toc_08,Astyanax_bimaculatus,Tocantins,Tocantins,slow,121.27314405960732,7,0.4908,0.8781
Astya_Toc_08,Astyanax_bimaculatus,Tocantins,Tocantins,slow,102.4918167495772,8,0.5701,0.1467
Astya_Toc_08,Astyanax_bimaculatus,Tocantins,Tocantins,slow,95.15734299849558,9,0.8065,0.6193
Astya_Toc_08,Astyanax_bimaculatus,Tocantins,Tocantins,slow,132.8591568649061,10,0.8201,0.4057
Astya_Toc_08,Astyanax_bimaculatus,Tocantins,Tocantins,slow,98.4661509296748,11,1.0685,0.7546
Astya_Toc_08,Astyanax_bimaculatus,Tocantins,Tocantins,slow,132.79696252169035,12,1.1084,0.2326
Astya_Toc_09,Astyanax_bimaculatus,Tocantins,Tocantins,slow,124.564935851033,1,0.002,0.5739
Astya_Toc_09,Astyanax_bimaculatus,Tocantins,Tocantins,slow,134.25373644862563,2,0.1267,0.4729
Astya_Toc_09,Astyanax_bimaculatus,Tocantins,Tocantins,slow,119.87654573838255,3,0.1351,0.6168
Astya_Toc_09,Astyanax_bimaculatus,Tocantins,Tocantins,slow,106.07354921237749,4,0.2319,0.6238
Astya_Toc_09,Astyanax_bimaculatus,Tocantins,Tocantins,slow,95.36991380953167,5,0.3131,0.8007
Astya_Toc_09,Astyanax_bimaculatus,Tocantins,Tocantins,slow,135.34522772762628,6,0.312,0.3029
Astya_Toc_09,Astyanax_bimaculatus,Tocantins,Tocantins,slow,136.3673235974471,7,0.4959,0.8486
Astya_Toc_09,Astyanax_bimaculatus,Tocantins,Tocantins,slow,94.45675448645619,8,0.5896,0.1773
Astya_Toc_09,Astyanax_bimaculatus,Tocantins,Tocantins,slow,135.40861122921936,9,0.8152,0.6098
Astya_Toc_09,Astyanax_bimaculatus,Tocantins,Tocantins,slow,131.61525089462296,10,0.8096,0.4221
Astya_Toc_09,Astyanax_bimaculatus,Tocantins,Tocantins,slow,97.54565470527095,11,1.0918,0.7662
Astya_Toc_09,Astyanax_bimaculatus,Tocantins,Tocantins,slow,134.22827150192495,12,1.0709,0.2281
Astya_Toc_10,Astyanax_bimaculatus,Tocantins,Tocantins,slow,107.35451539760834,1,0.0071,0.5954
Astya_Toc_10,Astyanax_bimaculatus,Tocantins,Tocantins,slow,115.54392077883693,2,0.0971,0.4568
Astya_Toc_10,Astyanax_bimaculatus,Tocantins,Tocantins,slow,114.35777157870919,3,0.1333,0.6144
Astya_Toc_10,Astyanax_bimaculatus,Tocantins,Tocantins,slow,135.1660116784051,4,0.2519,0.6418
Astya_Toc_10,Astyanax_bimaculatus,Tocantins,Tocantins,slow,102.987110042541,5,0.3225,0.8144
Astya_Toc_10,Astyanax_bimaculatus,Tocantins,Tocantins,slow,126.04774277508015,6,0.3327,0.283
Astya_Toc_10,Astyanax_bimaculatus,Tocantins,Tocantins,slow,93.7879409294574,7,0.5021,0.8706
Astya_Toc_10,Astyanax_bimaculatus,Tocantins,Tocantins,slow,105.79113831168331,8,0.6442,0.1643
Astya_Toc_10,Astyanax_bimaculatus,Tocantins,Tocantins,slow,121.15437559597814,9,0.8761,0.6087
Astya_Toc_10,Astyanax_bimaculatus,Tocantins,Tocantins,slow,141.3881768801345,10,0.8359,0.4302
Astya_Toc_10,Astyanax_bimaculatus,Tocantins,Tocantins,slow,120.65297787749691,11,1.1289,0.7774
Astya_Toc_10,Astyanax_bimaculatus,Tocantins,Tocantins,slow,132.73530565721134,12,1.1244,0.2404
Astya_Toc_11,Astyanax_bimaculatus,Tocantins,Tocantins,slow,94.84761836544297,1,0.0134,0.6029
Astya_Toc_11,Astyanax_bimaculatus,Tocantins,Tocantins,slow,114.00613009753806,2,0.1152,0.4512
Astya_Toc_11,Astyanax_bimaculatus,Tocantins,Tocantins,slow,111.31697420408977,3,0.1287,0.627
Astya_Toc_11,Astyanax_bimaculatus,Tocantins,Tocantins,slow,110.62138276283264,4,0.2054,0.6129
Astya_Toc_11,Astyanax_bimaculatus,Tocantins,Tocantins,slow,114.14123387950258,5,0.3242,0.8039
Astya_Toc_11,Astyanax_bimaculatus,Tocantins,Tocantins,slow,131.40524589704978,6,0.3108,0.295
Astya_Toc_11,Astyanax_bimaculatus,Tocantins,Tocantins,slow,141.44985499535318,7,0.4683,0.8786
Astya_Toc_11,Astyanax_bimaculatus,Tocantins,Tocantins,slow,107.72157205723016,8,0.5898,0.1424
Astya_Toc_11,Astyanax_bimaculatus,Tocantins,Tocantins,slow,119.22740309649747,9,0.7894,0.6142
Astya_Toc_11,Astyanax_bimaculatus,Tocantins,Tocantins,slow,126.23009877216303,10,0.7876,0.4215
Astya_Toc_11,Astyanax_bimaculatus,Tocantins,Tocantins,slow,93.5073390709814,11,1.0579,0.7872
Astya_Toc_11,Astyanax_bimaculatus,Tocantins,Tocantins,slow,112.80715533468849,12,1.0512,0.2116
Astya_Toc_12,Astyanax_bimaculatus,Tocantins,Tocantins,slow,123.38172317897794,1,0.011,0.6092
Astya_Toc_12,Astyanax_bimaculatus,Tocantins,Tocantins,slow,129.09524328325273,2,0.1028,0.469
Astya_Toc_12,Astyanax_bimaculatus,Tocantins,Tocantins,slow,128.95953999169367,3,0.1095,0.6246
Astya_Toc_12,Astyanax_bimaculatus,Tocantins,Tocantins,slow,98.24127954958941,4,0.2076,0.6376
Astya_Toc_12,Astyanax_bimaculatus,Tocantins,Tocantins,slow,142.36903842330412,5,0.2816,0.7933
Astya_Toc_12,Astyanax_bimaculatus,Tocantins,Tocantins,slow,100.07783846438072,6,0.3085,0.2957
Astya_Toc_12,Astyanax_bimaculatus,Tocantins,Tocantins,slow,103.66740428195021,7,0.439,0.8678
Astya_Toc_12,Astyanax_bimaculatus,Tocantins,Tocantins,slow,96.06880264776865,8,0.5521,0.1593
Astya_Toc_12,Astyanax_bimaculatus,Tocantins,Tocantins,slow,102.89127495433974,9,0.7453,0.6235
Astya_Toc_12,Astyanax_bimaculatus,Tocantins,Tocantins,slow,112.2031174288928,10,0.7528,0.4076
Astya_Toc_12,Astyanax_bimaculatus,Tocantins,Tocantins,slow,97.1763697286438,11,0.9898,0.7759
Astya_Toc_12,Astyanax_bimaculatus,Tocantins,Tocantins,slow,99.68647070659807,12,0.9934,0.2389
Astya_Neg_01,Astyanax_bimaculatus,Negro,Negro,slow,122.915734763995,1,-0.0177,0.6133
Astya_Neg_01,Astyanax_bimaculatus,Negro,Negro,slow,108.53949137950165,2,0.1063,0.4614
Astya_Neg_01,Astyanax_bimaculatus,Negro,Negro,slow,104.3056114856796,3,0.1203,0.6301
Astya_Neg_01,Astyanax_bimaculatus,Negro,Negro,slow,131.5650501763599,4,0.2073,0.6147
Astya_Neg_01,Astyanax_bimaculatus,Negro,Negro,slow,107.61107664675372,5,0.2879,0.8031
Astya_Neg_01,Astyanax_bimaculatus,Negro,Negro,slow,130.39584455872696,6,0.2717,0.2515
Astya_Neg_01,Astyanax_bimaculatus,Negro,Negro,slow,110.07495033412239,7,0.4546,0.8752
Astya_Neg_01,Astyanax_bimaculatus,Negro,Negro,slow,143.441753325852,8,0.5354,0.1544
Astya_Neg_01,Astyanax_bimaculatus,Negro,Negro,slow,98.23664762902105,9,0.7486,0.6353
Astya_Neg_01,Astyanax_bimaculatus,Negro,Negro,slow,129.29006429791212,10,0.7417,0.399
Astya_Neg_01,Astyanax_bimaculatus,Negro,Negro,slow,142.91422137587523,11,0.9942,0.7787
Astya_Neg_01,Astyanax_bimaculatus,Negro,Negro,slow,122.4887419228462,12,0.9782,0.2466
Astya_Neg_02,Astyanax_bimaculatus,Negro,Negro,slow,111.461310297441,1,-0.0079,0.6103
Astya_Neg_02,Astyanax_bimaculatus,Negro,Negro,slow,126.26833057965334,2,0.1131,0.4495
Astya_Neg_02,Astyanax_bimaculatus,Negro,Negro,slow,132.32049845386615,3,0.1174,0.6469
Astya_Neg_02,Astyanax_bimaculatus,Negro,Negro,slow,125.33050078288781,4,0.2045,0.6319
Astya_Neg_02,Astyanax_bimaculatus,Negro,Negro,slow,112.63647970846736,5,0.2871,0.7902
Astya_Neg_02,Astyanax_bimaculatus,Negro,Negro,slow,121.75852664527812,6,0.2935,0.2758
Astya_Neg_02,Astyanax_bimaculatus,Negro,Negro,slow,125.91078453196708,7,0.4429,0.8786
Astya_Neg_02,Astyanax_bimaculatus,Negro,Negro,slow,138.60746579415692,8,0.5341,0.1402
Astya_Neg_02,Astyanax_bimaculatus,Negro,Negro,slow,133.57778172096133,9,0.728,0.6268
Astya_Neg_02,Astyanax_bimaculatus,Negro,Negro,slow,105.11149386879967,10,0.7543,0.4433
Astya_Neg_02,Astyanax_bimaculatus,Negro,Negro,slow,117.03869396188446,11,0.9628,0.7627
Astya_Neg_02,Astyanax_bimaculatus,Negro,Negro,slow,140.6696485568212,12,0.9788,0.237
Astya_Neg_03,Astyanax_bimaculatus,Negro,Negro,slow,94.39317634906494,1,-0.0041,0.6095
Astya_Neg_03,Astyanax_bimaculatus,Negro,Negro,slow,101.92337357736929,2,0.1174,0.433
Astya_Neg_03,Astyanax_bimaculatus,Negro,Negro,slow,144.0997848220731,3,0.1576,0.6189
Astya_Neg_03,Astyanax_bimaculatus,Negro,Negro,slow,101.88992159643207,4,0.2179,0.6281
Astya_Neg_03,Astyanax_bimaculatus,Negro,Negro,slow,133.65190473931756,5,0.3449,0.792
Astya_Neg_03,Astyanax_bimaculatus,Negro,Negro,slow,116.30196847580169,6,0.3303,0.2996
Astya_Neg_03,Astyanax_bimaculatus,Negro,Negro,slow,109.4395026207049,7,0.453,0.856
Astya_Neg_03,Astyanax_bimaculatus,Negro,Negro,slow,118.357530463865,8,0.5494,0.1452
Astya_Neg_03,Astyanax_bimaculatus,Negro,Negro,slow,138.4765012687962,9,0.7759,0.6125
Astya_Neg_03,Astyanax_bimaculatus,Negro,Negro,slow,140.89645490083365,10,0.7908,0.4208
Astya_Neg_03,Astyanax_bimaculatus,Negro,Negro,slow,118.72088535362623,11,1.052,0.764
Astya_Neg_03,Astyanax_bimaculatus,Negro,Negro,slow,98.04242254513683,12,1.0271,0.2183
Astya_Neg_04,Astyanax_bimaculatus,Negro,Negro,slow,143.78327663054878,1,0.0017,0.5949
Astya_Neg_04,Astyanax_bimaculatus,Negro,Negro,slow,121.77289938323305,2,0.1039,0.4379
Astya_Neg_04,Astyanax_bimaculatus,Negro,Negro,slow,115.37651604127566,3,0.1298,0.6242
Astya_Neg_04,Astyanax_bimaculatus,Negro,Negro,slow,113.98010867785688,4,0.2316,0.6382
Astya_Neg_04,Astyanax_bimaculatus,Negro,Negro,slow,143.94325751235985,5,0.3409,0.7817
Astya_Neg_04,Astyanax_bimaculatus,Negro,Negro,slow,120.77966515191144,6,0.3148,0.2865
Astya_Neg_04,Astyanax_bimaculatus,Negro,Negro,slow,135.22836484169414,7,0.4755,0.8601
Astya_Neg_04,Astyanax_bimaculatus,Negro,Negro,slow,143.63424075308933,8,0.6076,0.1499
Astya_Neg_04,Astyanax_bimaculatus,Negro,Negro,slow,115.97505665543403,9,0.8351,0.6187
Astya_Neg_04,Astyanax_bimaculatus,Negro,Negro,slow,100.78463821646052,10,0.8343,0.4524
Astya_Neg_04,Astyanax_bimaculatus,Negro,Negro,slow,100.06433858277374,11,1.1031,0.7649
Astya_Neg_04,Astyanax_bimaculatus,Negro,Negro,slow,106.0068858455164,12,1.0972,0.2208
Astya_Neg_05,Astyanax_bimaculatus,Negro,Negro,slow,126.56810099282157,1,0.0058,0.5924
Astya_Neg_05,Astyanax_bimaculatus,Negro,Negro,slow,100.02292077339716,2,0.0956,0.4509
Astya_Neg_05,Astyanax_bimaculatus,Negro,Negro,slow,103.97378996198543,3,0.1511,0.6183
Astya_Neg_05,Astyanax_bimaculatus,Negro,Negro,slow,125.88509271199632,4,0.1935,0.6296
Astya_Neg_05,Astyanax_bimaculatus,Negro,Negro,slow,106.21568760698494,5,0.3312,0.7973
Astya_Neg_05,Astyanax_bimaculatus,Negro,Negro,slow,121.77927635272059,6,0.3264,0.3153
Astya_Neg_05,Astyanax_bimaculatus,Negro,Negro,slow,114.72317839999063,7,0.5226,0.8603
Astya_Neg_05,Astyanax_bimaculatus,Negro,Negro,slow,122.11295208638596,8,0.586,0.1545
Astya_Neg_05,Astyanax_bimaculatus,Negro,Negro,slow,99.54275046866405,9,0.8434,0.6446
Astya_Neg_05,Astyanax_bimaculatus,Negro,Negro,slow,120.30712016793868,10,0.8201,0.4154
Astya_Neg_05,Astyanax_bimaculatus,Negro,Negro,slow,114.4103064427594,11,1.1104,0.7813
Astya_Neg_05,Astyanax_bimaculatus,Negro,Negro,slow,96.09407234738032,12,1.1235,0.2233
Astya_Neg_06,Astyanax_bimaculatus,Negro,Negro,slow,103.38421995096212,1,-0.0257,0.605
Astya_Neg_06,Astyanax_bimaculatus,Negro,Negro,slow,109.92737860034279,2,0.0917,0.4642
Astya_Neg_06,Astyanax_bimaculatus,Negro,Negro,slow,103.87149790906156,3,0.133,0.6086
Astya_Neg_06,Astyanax_bimaculatus,Negro,Negro,slow,109.19230527424384,4,0.2196,0.6366
Astya_Neg_06,Astyanax_bimaculatus,Negro,Negro,slow,97.1722969513656,5,0.2971,0.8012
Astya_Neg_06,Astyanax_bimaculatus,Negro,Negro,slow,104.82865850438374,6,0.3085,0.2631
Astya_Neg_06,Astyanax_bimaculatus,Negro,Negro,slow,138.0935472711572,7,0.4463,0.86
Astya_Neg_06,Astyanax_bimaculatus,Negro,Negro,slow,118.7536378500758,8,0.5532,0.1458
Astya_Neg_06,Astyanax_bimaculatus,Negro,Negro,slow,140.10597922887084,9,0.7427,0.6209
Astya_Neg_06,Astyanax_bimaculatus,Negro,Negro,slow,123.93211915662845,10,0.7495,0.4279
Astya_Neg_06,Astyanax_bimaculatus,Negro,Negro,slow,123.31266567914636,11,0.9891,0.7688
Astya_Neg_06,Astyanax_bimaculatus,Negro,Negro,slow,95.23743036041958,12,1.0194,0.2339
Astya_Neg_07,Astyanax_bimaculatus,Negro,Negro,slow,143.87721457261273,1,0.0127,0.6007
Astya_Neg_07,Astyanax_bimaculatus,Negro,Negro,slow,128.6736808811909,2,0.1156,0.452
Astya_Neg_07,Astyanax_bimaculatus,Negro,Negro,slow,97.71489828967965,3,0.1417,0.633
Astya_Neg_07,Astyanax_bimaculatus,Negro,Negro,slow,98.30268002015039,4,0.1857,0.6405
Astya_Neg_07,Astyanax_bimaculatus,Negro,Negro,slow,122.85477064035521,5,0.3041,0.7872
Astya_Neg_07,Astyanax_bimaculatus,Negro,Negro,slow,99.64976604857212,6,0.3177,0.2772
Astya_Neg_07,Astyanax_bimaculatus,Negro,Negro,slow,107.97264499214964,7,0.4463,0.8714
Astya_Neg_07,Astyanax_bimaculatus,Negro,Negro,slow,118.30839491561186,8,0.5518,0.1468
Astya_Neg_07,Astyanax_bimaculatus,Negro,Negro,slow,137.93417576022645,9,0.7694,0.6285
Astya_Neg_07,Astyanax_bimaculatus,Negro,Negro,slow,111.34367723585102,10,0.7435,0.4015
Astya_Neg_07,Astyanax_bimaculatus,Negro,Negro,slow,110.56199428678616,11,1.0214,0.7462
Astya_Neg_07,Astyanax_bimaculatus,Negro,Negro,slow,125.23037104640771,12,1.0042,0.2262
Astya_Neg_08,Astyanax_bimaculatus,Negro,Negro,slow,94.34321360535893,1,-0.0123,0.5993
Astya_Neg_08,Astyanax_bimaculatus,Negro,Negro,slow,99.41680623172405,2,0.1244,0.445
Astya_Neg_08,Astyanax_bimaculatus,Negro,Negro,slow,125.54525216913163,3,0.1471,0.643
Astya_Neg_08,Astyanax_bimaculatus,Negro,Negro,slow,136.96585936552594,4,0.1882,0.6276
Astya_Neg_08,Astyanax_bimaculatus,Negro,Negro,slow,141.28619174534685,5,0.289,0.8312
Astya_Neg_08,Astyanax_bimaculatus,Negro,Negro,slow,117.4092410871885,6,0.2929,0.2833
Astya_Neg_08,Astyanax_bimaculatus,Negro,Negro,slow,128.899955577353,7,0.4336,0.8748
Astya_Neg_08,Astyanax_bimaculatus,Negro,Negro,slow,118.78799720051384,8,0.5457,0.1595
Astya_Neg_08,Astyanax_bimaculatus,Negro,Negro,slow,107.53016266762765,9,0.7218,0.6273
Astya_Neg_08,Astyanax_bimaculatus,Negro,Negro,slow,133.76170479420838,10,0.7337,0.4181
Astya_Neg_08,Astyanax_bimaculatus,Negro,Negro,slow,93.60380727594695,11,0.9695,0.7688
Astya_Neg_08,Astyanax_bimaculatus,Negro,Negro,slow,137.34165546653622,12,1.013,0.2514
Astya_Neg_09,Astyanax_bimaculatus,Negro,Negro,slow,108.77706253137765,1,0.0034,0.6097
Astya_Neg_09,Astyanax_bimaculatus,Negro,Negro,slow,131.99293213372624,2,0.0894,0.4526
Astya_Neg_09,Astyanax_bimaculatus,Negro,Negro,slow,142.63341570369712,3,0.1441,0.6451
Astya_Neg_09,Astyanax_bimaculatus,Negro,Negro,slow,129.38420891971967,4,0.1968,0.612
Astya_Neg_09,Astyanax_bimaculatus,Negro,Negro,slow,124.0441190169936,5,0.2713,0.7945
Astya_Neg_09,Astyanax_bimaculatus,Negro,Negro,slow,132.08842115370385,6,0.312,0.3029
Astya_Neg_09,Astyanax_bimaculatus,Negro,Negro,slow,127.46517410645156,7,0.4275,0.8586
Astya_Neg_09,Astyanax_bimaculatus,Negro,Negro,slow,131.58531581448085,8,0.5407,0.1411
Astya_Neg_09,Astyanax_bimaculatus,Negro,Negro,slow,117.38206135470675,9,0.691,0.6259
Astya_Neg_09,Astyanax_bimaculatus,Negro,Negro,slow,140.5697177739648,10,0.722,0.3981
Astya_Neg_09,Astyanax_bimaculatus,Negro,Negro,slow,119.57362278993061,11,0.9534,0.7692
Astya_Neg_09,Astyanax_bimaculatus,Negro,Negro,slow,103.9738786660877,12,0.953,0.2383
Astya_Neg_10,Astyanax_bimaculatus,Negro,Negro,slow,141.59388926550653,1,0.0165,0.5984
Astya_Neg_10,Astyanax_bimaculatus,Negro,Negro,slow,107.71201560939703,2,0.1182,0.4308
Astya_Neg_10,Astyanax_bimaculatus,Negro,Negro,slow,102.29552189900036,3,0.1493,0.6375
Astya_Neg_10,Astyanax_bimaculatus,Negro,Negro,slow,107.60638917891646,4,0.2424,0.6163
Astya_Neg_10,Astyanax_bimaculatus,Negro,Negro,slow,111.70554737922602,5,0.3457,0.8123
Astya_Neg_10,Astyanax_bimaculatus,Negro,Negro,slow,118.50302610089697,6,0.3478,0.2773
Astya_Neg_10,Astyanax_bimaculatus,Negro,Negro,slow,134.3851624998376,7,0.5047,0.8663
Astya_Neg_10,Astyanax_bimaculatus,Negro,Negro,slow,97.40300817869651,8,0.6387,0.1618
Astya_Neg_10,Astyanax_bimaculatus,Negro,Negro,slow,97.38232782941694,9,0.846,0.6168
Astya_Neg_10,Astyanax_bimaculatus,Negro,Negro,slow,104.19974829031264,10,0.8348,0.4297
Astya_Neg_10,Astyanax_bimaculatus,Negro,Negro,slow,95.57332816023644,11,1.1185,0.7545
Astya_Neg_10,Astyanax_bimaculatus,Negro,Negro,slow,123.37383095785411,12,1.1088,0.2178
Astya_Neg_11,Astyanax_bimaculatus,Negro,Negro,slow,138.8286314623246,1,0.0295,0.6133
Astya_Neg_11,Astyanax_bimaculatus,Negro,Negro,slow,139.99411013519628,2,0.0795,0.4813
Astya_Neg_11,Astyanax_bimaculatus,Negro,Negro,slow,109.7026625564551,3,0.1498,0.6304
Astya_Neg_11,Astyanax_bimaculatus,Negro,Negro,slow,108.18756965133699,4,0.2102,0.6269
Astya_Neg_11,Astyanax_bimaculatus,Negro,Negro,slow,98.13107192508787,5,0.3122,0.8007
Astya_Neg_11,Astyanax_bimaculatus,Negro,Negro,slow,101.20093719122416,6,0.3022,0.3174
Astya_Neg_11,Astyanax_bimaculatus,Negro,Negro,slow,118.01826319727687,7,0.4901,0.8579
Astya_Neg_11,Astyanax_bimaculatus,Negro,Negro,slow,99.84134271766249,8,0.6103,0.1806
Astya_Neg_11,Astyanax_bimaculatus,Negro,Negro,slow,134.45048234766378,9,0.8052,0.5996
Astya_Neg_11,Astyanax_bimaculatus,Negro,Negro,slow,128.2449377716964,10,0.7901,0.4001
Astya_Neg_11,Astyanax_bimaculatus,Negro,Negro,slow,141.10963668639982,11,1.0784,0.7692
Astya_Neg_11,Astyanax_bimaculatus,Negro,Negro,slow,139.48283648259425,12,1.097,0.2366
Astya_Neg_12,Astyanax_bimaculatus,Negro,Negro,slow,138.17418822029734,1,0.0051,0.6114
Astya_Neg_12,Astyanax_bimaculatus,Negro,Negro,slow,101.72838135789966,2,0.0901,0.4537
Astya_Neg_12,Astyanax_bimaculatus,Negro,Negro,slow,111.89333900434674,3,0.1354,0.6272
Astya_Neg_12,Astyanax_bimaculatus,Negro,Negro,slow,130.59680977788335,4,0.1992,0.6268
Astya_Neg_12,Astyanax_bimaculatus,Negro,Negro,slow,142.9334033949769,5,0.3126,0.8192
Astya_Neg_12,Astyanax_bimaculatus,Negro,Negro,slow,127.13014140351596,6,0.3041,0.3042
Astya_Neg_12,Astyanax_bimaculatus,Negro,Negro,slow,115.71971162842026,7,0.4692,0.8651
Astya_Neg_12,Astyanax_bimaculatus,Negro,Negro,slow,120.5017772604956,8,0.5433,0.1718
Astya_Neg_12,Astyanax_bimaculatus,Negro,Negro,slow,127.06615137140975,9,0.767,0.6166
Astya_Neg_12,Astyanax_bimaculatus,Negro,Negro,slow,140.87804850619366,10,0.7617,0.4181
Astya_Neg_12,Astyanax_bimaculatus,Negro,Negro,slow,117.68548973375533,11,1.0499,0.7606
Astya_Neg_12,Astyanax_bimaculatus,Negro,Negro,slow,113.48500891569844,12,1.0251,0.2516
Hypos_Tap_01,Hypostomus_plecostomus,Tapajos,Tapajos,fast,407.85078945845214,1,-0.0006,0.1051
Hypos_Tap_01,Hypostomus_plecostomus,Tapajos,Tapajos,fast,275.2475920545743,2,0.1215,0.4257
Hypos_Tap_01,Hypostomus_plecostomus,Tapajos,Tapajos,fast,404.24454688299187,3,0.1332,0.6312
Hypos_Tap_01,Hypostomus_plecostomus,Tapajos,Tapajos,fast,346.35374333588,4,0.1905,0.6124
Hypos_Tap_01,Hypostomus_plecostomus,Tapajos,Tapajos,fast,363.9549282514581,5,0.3433,0.7269
Hypos_Tap_01,Hypostomus_plecostomus,Tapajos,Tapajos,fast,290.489170828328,6,0.3178,0.3695
Hypos_Tap_01,Hypostomus_plecostomus,Tapajos,Tapajos,fast,396.1072864588363,7,0.529,0.7338
Hypos_Tap_01,Hypostomus_plecostomus,Tapajos,Tapajos,fast,280.7050620553129,8,0.6545,0.2464
Hypos_Tap_01,Hypostomus_plecostomus,Tapajos,Tapajos,fast,420.7873320314155,9,0.9025,0.6271
Hypos_Tap_01,Hypostomus_plecostomus,Tapajos,Tapajos,fast,404.25238383427666,10,0.8693,0.4408
Hypos_Tap_01,Hypostomus_plecostomus,Tapajos,Tapajos,fast,291.5363352015463,11,1.1729,0.687
Hypos_Tap_01,Hypostomus_plecostomus,Tapajos,Tapajos,fast,417.1675995310886,12,1.1731,0.2971
Hypos_Tap_02,Hypostomus_plecostomus,Tapajos,Tapajos,fast,306.3387646858618,1,0.017,0.0808
Hypos_Tap_02,Hypostomus_plecostomus,Tapajos,Tapajos,fast,383.7473702177962,2,0.1059,0.4588
Hypos_Tap_02,Hypostomus_plecostomus,Tapajos,Tapajos,fast,302.35782203609506,3,0.1248,0.6217
Hypos_Tap_02,Hypostomus_plecostomus,Tapajos,Tapajos,fast,403.01524742707545,4,0.2089,0.6253
Hypos_Tap_02,Hypostomus_plecostomus,Tapajos,Tapajos,fast,324.4103986517839,5,0.2993,0.7036
Hypos_Tap_02,Hypostomus_plecostomus,Tapajos,Tapajos,fast,326.9049223444386,6,0.3099,0.367
Hypos_Tap_02,Hypostomus_plecostomus,Tapajos,Tapajos,fast,389.36556527563584,7,0.4813,0.7411
Hypos_Tap_02,Hypostomus_plecostomus,Tapajos,Tapajos,fast,407.12169300833835,8,0.6087,0.2725
Hypos_Tap_02,Hypostomus_plecostomus,Tapajos,Tapajos,fast,419.9847417184658,9,0.8353,0.5873
Hypos_Tap_02,Hypostomus_plecostomus,Tapajos,Tapajos,fast,396.1132788688608,10,0.8343,0.4204
Hypos_Tap_02,Hypostomus_plecostomus,Tapajos,Tapajos,fast,383.2598469993127,11,1.0911,0.7044
Hypos_Tap_02,Hypostomus_plecostomus,Tapajos,Tapajos,fast,318.0240196163405,12,1.0523,0.2974
Hypos_Tap_03,Hypostomus_plecostomus,Tapajos,Tapajos,fast,286.6299033130051,1,-0.0138,0.1004
Hypos_Tap_03,Hypostomus_plecostomus,Tapajos,Tapajos,fast,403.33974213923483,2,0.0895,0.4449
Hypos_Tap_03,Hypostomus_plecostomus,Tapajos,Tapajos,fast,396.98904741602485,3,0.1362,0.618
Hypos_Tap_03,Hypostomus_plecostomus,Tapajos,Tapajos,fast,386.9894308232391,4,0.2257,0.6156
Hypos_Tap_03,Hypostomus_plecostomus,Tapajos,Tapajos,fast,319.780144849886,5,0.3097,0.721
Hypos_Tap_03,Hypostomus_plecostomus,Tapajos,Tapajos,fast,378.28075395995995,6,0.2972,0.3765
Hypos_Tap_03,Hypostomus_plecostomus,Tapajos,Tapajos,fast,295.2302848412667,7,0.5108,0.7465
Hypos_Tap_03,Hypostomus_plecostomus,Tapajos,Tapajos,fast,388.05255136499966,8,0.6173,0.2519
Hypos_Tap_03,Hypostomus_plecostomus,Tapajos,Tapajos,fast,363.873232395821,9,0.8192,0.6304
Hypos_Tap_03,Hypostomus_plecostomus,Tapajos,Tapajos,fast,357.68469659833954,10,0.8288,0.4329
Hypos_Tap_03,Hypostomus_plecostomus,Tapajos,Tapajos,fast,275.99114921968896,11,1.0925,0.6804
Hypos_Tap_03,Hypostomus_plecostomus,Tapajos,Tapajos,fast,410.23853547903036,12,1.0893,0.3244
Hypos_Tap_04,Hypostomus_plecostomus,Tapajos,Tapajos,fast,359.6144935585078,1,0.0125,0.0983
Hypos_Tap_04,Hypostomus_plecostomus,Tapajos,Tapajos,fast,332.48108501070396,2,0.1141,0.4821
Hypos_Tap_04,Hypostomus_plecostomus,Tapajos,Tapajos,fast,358.9329804936611,3,0.1511,0.6378
Hypos_Tap_04,Hypostomus_plecostomus,Tapajos,Tapajos,fast,318.9080721035972,4,0.263,0.641
Hypos_Tap_04,Hypostomus_plecostomus,Tapajos,Tapajos,fast,325.1220872093156,5,0.3714,0.7384
Hypos_Tap_04,Hypostomus_plecostomus,Tapajos,Tapajos,fast,403.6694280818028,6,0.3621,0.3704
Hypos_Tap_04,Hypostomus_plecostomus,Tapajos,Tapajos,fast,349.4943744394356,7,0.5899,0.7666
Hypos_Tap_04,Hypostomus_plecostomus,Tapajos,Tapajos,fast,410.7510316335728,8,0.7249,0.2661
Hypos_Tap_04,Hypostomus_plecostomus,Tapajos,Tapajos,fast,376.93887037406745,9,0.9387,0.6157
Hypos_Tap_04,Hypostomus_plecostomus,Tapajos,Tapajos,fast,347.8395204415768,10,0.9288,0.3899
Hypos_Tap_04,Hypostomus_plecostomus,Tapajos,Tapajos,fast,369.81453873699337,11,1.2613,0.71
Hypos_Tap_04,Hypostomus_plecostomus,Tapajos,Tapajos,fast,333.5216587156049,12,1.2435,0.2799
Hypos_Tap_05,Hypostomus_plecostomus,Tapajos,Tapajos,fast,372.1147241092411,1,0.0001,0.1013
Hypos_Tap_05,Hypostomus_plecostomus,Tapajos,Tapajos,fast,389.80190530312933,2,0.1172,0.4547
Hypos_Tap_05,Hypostomus_plecostomus,Tapajos,Tapajos,fast,304.4849591012622,3,0.1354,0.6196
Hypos_Tap_05,Hypostomus_plecostomus,Tapajos,Tapajos,fast,309.45489555368147,4,0.2355,0.6339
Hypos_Tap_05,Hypostomus_plecostomus,Tapajos,Tapajos,fast,305.603473557938,5,0.3336,0.7066
Hypos_Tap_05,Hypostomus_plecostomus,Tapajos,Tapajos,fast,285.8218271729821,6,0.3385,0.3467
Hypos_Tap_05,Hypostomus_plecostomus,Tapajos,Tapajos,fast,418.8902474963576,7,0.5525,0.7655
Hypos_Tap_05,Hypostomus_plecostomus,Tapajos,Tapajos,fast,328.431694807141,8,0.6759,0.2728
Hypos_Tap_05,Hypostomus_plecostomus,Tapajos,Tapajos,fast,291.196620424432,9,0.8777,0.6193
Hypos_Tap_05,Hypostomus_plecostomus,Tapajos,Tapajos,fast,332.1425128549597,10,0.9023,0.4249
Hypos_Tap_05,Hypostomus_plecostomus,Tapajos,Tapajos,fast,409.4592819295191,11,1.1484,0.7012
Hypos_Tap_05,Hypostomus_plecostomus,Tapajos,Tapajos,fast,406.6943890306334,12,1.1786,0.3145
Hypos_Tap_06,Hypostomus_plecostomus,Tapajos,Tapajos,fast,342.83354026731075,1,-0.0021,0.1043
Hypos_Tap_06,Hypostomus_plecostomus,Tapajos,Tapajos,fast,338.5092077457124,2,0.1044,0.4497
Hypos_Tap_06,Hypostomus_plecostomus,Tapajos,Tapajos,fast,318.06611243149234,3,0.1326,0.6356
Hypos_Tap_06,Hypostomus_plecostomus,Tapajos,Tapajos,fast,341.15005574866643,4,0.195,0.6133
Hypos_Tap_06,Hypostomus_plecostomus,Tapajos,Tapajos,fast,391.6857363096283,5,0.2948,0.6988
Hypos_Tap_06,Hypostomus_plecostomus,Tapajos,Tapajos,fast,398.44121140722507,6,0.3017,0.3614
Hypos_Tap_06,Hypostomus_plecostomus,Tapajos,Tapajos,fast,411.6506464311591,7,0.5044,0.7722
Hypos_Tap_06,Hypostomus_plecostomus,Tapajos,Tapajos,fast,393.83478248268784,8,0.598,0.2758
Hypos_Tap_06,Hypostomus_plecostomus,Tapajos,Tapajos,fast,414.07915537550355,9,0.832,0.6106
Hypos_Tap_06,Hypostomus_plecostomus,Tapajos,Tapajos,fast,342.669682688262,10,0.8237,0.4118
Hypos_Tap_06,Hypostomus_plecostomus,Tapajos,Tapajos,fast,354.736604884063,11,1.0864,0.6944
Hypos_Tap_06,Hypostomus_plecostomus,Tapajos,Tapajos,fast,359.0494864097051,12,1.0748,0.3084
Hypos_Tap_07,Hypostomus_plecostomus,Tapajos,Tapajos,fast,293.77374589722774,1,-0.016,0.09
Hypos_Tap_07,Hypostomus_plecostomus,Tapajos,Tapajos,fast,320.9644974657549,2,0.1255,0.4473
Hypos_Tap_07,Hypostomus_plecostomus,Tapajos,Tapajos,fast,351.28385034957194,3,0.1508,0.6187
Hypos_Tap_07,Hypostomus_plecostomus,Tapajos,Tapajos,fast,304.4356390325422,4,0.2175,0.6013
Hypos_Tap_07,Hypostomus_plecostomus,Tapajos,Tapajos,fast,331.4543424236015,5,0.3522,0.7087
Hypos_Tap_07,Hypostomus_plecostomus,Tapajos,Tapajos,fast,280.6859039063012,6,0.3705,0.3305
Hypos_Tap_07,Hypostomus_plecostomus,Tapajos,Tapajos,fast,377.2224354006396,7,0.5865,0.7599
Hypos_Tap_07,Hypostomus_plecostomus,Tapajos,Tapajos,fast,298.49296945731373,8,0.7094,0.2954
Hypos_Tap_07,Hypostomus_plecostomus,Tapajos,Tapajos,fast,324.4321278596121,9,0.9464,0.6258
Hypos_Tap_07,Hypostomus_plecostomus,Tapajos,Tapajos,fast,355.77923924046735,10,0.9487,0.4121
Hypos_Tap_07,Hypostomus_plecostomus,Tapajos,Tapajos,fast,415.3246644913763,11,1.2236,0.6894
Hypos_Tap_07,Hypostomus_plecostomus,Tapajos,Tapajos,fast,303.87473187436746,12,1.2131,0.2953
Hypos_Tap_08,Hypostomus_plecostomus,Tapajos,Tapajos,fast,343.75115055474794,1,-0.0107,0.1073
Hypos_Tap_08,Hypostomus_plecostomus,Tapajos,Tapajos,fast,335.1152098562742,2,0.1154,0.4532
Hypos_Tap_08,Hypostomus_plecostomus,Tapajos,Tapajos,fast,330.6595072176702,3,0.1438,0.6188
Hypos_Tap_08,Hypostomus_plecostomus,Tapajos,Tapajos,fast,394.18690974766855,4,0.2322,0.6095
Hypos_Tap_08,Hypostomus_plecostomus,Tapajos,Tapajos,fast,402.15773220271535,5,0.3358,0.719
Hypos_Tap_08,Hypostomus_plecostomus,Tapajos,Tapajos,fast,386.73289663974856,6,0.3185,0.3672
Hypos_Tap_08,Hypostomus_plecostomus,Tapajos,Tapajos,fast,380.66223876733136,7,0.5575,0.7327
Hypos_Tap_08,Hypostomus_plecostomus,Tapajos,Tapajos,fast,375.31977554442267,8,0.6514,0.2684
Hypos_Tap_08,Hypostomus_plecostomus,Tapajos,Tapajos,fast,292.5230924382959,9,0.8569,0.6113
Hypos_Tap_08,Hypostomus_plecostomus,Tapajos,Tapajos,fast,292.1990355998417,10,0.8855,0.4177
Hypos_Tap_08,Hypostomus_plecostomus,Tapajos,Tapajos,fast,300.41700426558185,11,1.1592,0.6983
Hypos_Tap_08,Hypostomus_plecostomus,Tapajos,Tapajos,fast,333.4787632944806,12,1.1724,0.2984
Hypos_Tap_09,Hypostomus_plecostomus,Tapajos,Tapajos,fast,290.7626649777761,1,-0.0065,0.1091
Hypos_Tap_09,Hypostomus_plecostomus,Tapajos,Tapajos,fast,294.87260374663424,2,0.0989,0.4718
Hypos_Tap_09,Hypostomus_plecostomus,Tapajos,Tapajos,fast,412.1323050555654,3,0.1191,0.6272
Hypos_Tap_09,Hypostomus_plecostomus,Tapajos,Tapajos,fast,307.82672285778864,4,0.219,0.6221
Hypos_Tap_09,Hypostomus_plecostomus,Tapajos,Tapajos,fast,339.6519750265602,5,0.3206,0.7056
Hypos_Tap_09,Hypostomus_plecostomus,Tapajos,Tapajos,fast,388.0531324216921,6,0.3292,0.3613
Hypos_Tap_09,Hypostomus_plecostomus,Tapajos,Tapajos,fast,381.18755428108983,7,0.523,0.7713
Hypos_Tap_09,Hypostomus_plecostomus,Tapajos,Tapajos,fast,347.0803295474353,8,0.6348,0.2598
Hypos_Tap_09,Hypostomus_plecostomus,Tapajos,Tapajos,fast,418.71819498411116,9,0.8491,0.6325
Hypos_Tap_09,Hypostomus_plecostomus,Tapajos,Tapajos,fast,393.03263560294977,10,0.8544,0.418
Hypos_Tap_09,Hypostomus_plecostomus,Tapajos,Tapajos,fast,393.39899824419484,11,1.1349,0.698
Hypos_Tap_09,Hypostomus_plecostomus,Tapajos,Tapajos,fast,351.60759679575284,12,1.1383,0.2932
Hypos_Tap_10,Hypostomus_plecostomus,Tapajos,Tapajos,fast,295.48130385292666,1,0.0004,0.0957
Hypos_Tap_10,Hypostomus_plecostomus,Tapajos,Tapajos,fast,284.01500199207527,2,0.1153,0.4662
Hypos_Tap_10,Hypostomus_plecostomus,Tapajos,Tapajos,fast,358.15156390546247,3,0.1207,0.6263
Hypos_Tap_10,Hypostomus_plecostomus,Tapajos,Tapajos,fast,420.98965577056936,4,0.2072,0.6207
Hypos_Tap_10,Hypostomus_plecostomus,Tapajos,Tapajos,fast,412.882030405654,5,0.3231,0.7036
Hypos_Tap_10,Hypostomus_plecostomus,Tapajos,Tapajos,fast,394.09205393042146,6,0.3411,0.3491
Hypos_Tap_10,Hypostomus_plecostomus,Tapajos,Tapajos,fast,337.47766771340963,7,0.5363,0.736
Hypos_Tap_10,Hypostomus_plecostomus,Tapajos,Tapajos,fast,412.8863098084661,8,0.6397,0.2653
Hypos_Tap_10,Hypostomus_plecostomus,Tapajos,Tapajos,fast,321.27186981024295,9,0.8657,0.6147
Hypos_Tap_10,Hypostomus_plecostomus,Tapajos,Tapajos,fast,320.8433039582004,10,0.8865,0.416
Hypos_Tap_10,Hypostomus_plecostomus,Tapajos,Tapajos,fast,285.1691088336792,11,1.1308,0.6959
Hypos_Tap_10,Hypostomus_plecostomus,Tapajos,Tapajos,fast,416.900504116968,12,1.1301,0.3001
Hypos_Tap_11,Hypostomus_plecostomus,Tapajos,Tapajos,fast,381.22218787031363,1,0.0095,0.1182
Hypos_Tap_11,Hypostomus_plecostomus,Tapajos,Tapajos,fast,386.3784106346843,2,0.1042,0.4482
Hypos_Tap_11,Hypostomus_plecostomus,Tapajos,Tapajos,fast,292.6147545226688,3,0.1377,0.6127
Hypos_Tap_11,Hypostomus_plecostomus,Tapajos,Tapajos,fast,394.87078904926557,4,0.2084,0.6372
Hypos_Tap_11,Hypostomus_plecostomus,Tapajos,Tapajos,fast,400.19508513212776,5,0.2846,0.7038
Hypos_Tap_11,Hypostomus_plecostomus,Tapajos,Tapajos,fast,356.07403146913555,6,0.316,0.3701
Hypos_Tap_11,Hypostomus_plecostomus,Tapajos,Tapajos,fast,392.14128582975616,7,0.5277,0.746
Hypos_Tap_11,Hypostomus_plecostomus,Tapajos,Tapajos,fast,415.6699689577445,8,0.6313,0.2678
Hypos_Tap_11,Hypostomus_plecostomus,Tapajos,Tapajos,fast,413.9068298985005,9,0.8211,0.6296
Hypos_Tap_11,Hypostomus_plecostomus,Tapajos,Tapajos,fast,319.08223350571785,10,0.8451,0.4201
Hypos_Tap_11,Hypostomus_plecostomus,Tapajos,Tapajos,fast,286.370872299626,11,1.0916,0.7048
Hypos_Tap_11,Hypostomus_plecostomus,Tapajos,Tapajos,fast,298.65651978978224,12,1.0986,0.3091
Hypos_Tap_12,Hypostomus_plecostomus,Tapajos,Tapajos,fast,326.3285758019288,1,-0.0104,0.1156
Hypos_Tap_12,Hypostomus_plecostomus,Tapajos,Tapajos,fast,298.29073464225297,2,0.1008,0.4499
Hypos_Tap_12,Hypostomus_plecostomus,Tapajos,Tapajos,fast,365.49331121268034,3,0.1298,0.6086
Hypos_Tap_12,Hypostomus_plecostomus,Tapajos,Tapajos,fast,369.20340413883486,4,0.1972,0.626
Hypos_Tap_12,Hypostomus_plecostomus,Tapajos,Tapajos,fast,310.8205035180585,5,0.3174,0.7134
Hypos_Tap_12,Hypostomus_plecostomus,Tapajos,Tapajos,fast,356.55322767145157,6,0.3061,0.3581
Hypos_Tap_12,Hypostomus_plecostomus,Tapajos,Tapajos,fast,402.5840366377827,7,0.5318,0.7494
Hypos_Tap_12,Hypostomus_plecostomus,Tapajos,Tapajos,fast,305.2340143378057,8,0.63,0.286
Hypos_Tap_12,Hypostomus_plecostomus,Tapajos,Tapajos,fast,424.7675373177208,9,0.8235,0.6361
Hypos_Tap_12,Hypostomus_plecostomus,Tapajos,Tapajos,fast,347.8219993037988,10,0.8312,0.4186
Hypos_Tap_12,Hypostomus_plecostomus,Tapajos,Tapajos,fast,325.96474032638747,11,1.1004,0.7067
Hypos_Tap_12,Hypostomus_plecostomus,Tapajos,Tapajos,fast,286.8482635865052,12,1.1032,0.3017
Hypos_Xin_01,Hypostomus_plecostomus,Xingu,Xingu,fast,360.91324982818924,1,-0.0008,0.1052
Hypos_Xin_01,Hypostomus_plecostomus,Xingu,Xingu,fast,303.3193605685851,2,0.1244,0.4404
Hypos_Xin_01,Hypostomus_plecostomus,Xingu,Xingu,fast,402.87240408335765,3,0.1718,0.6192
Hypos_Xin_01,Hypostomus_plecostomus,Xingu,Xingu,fast,397.7166719850323,4,0.2525,0.6165
Hypos_Xin_01,Hypostomus_plecostomus,Xingu,Xingu,fast,279.0695052983522,5,0.3713,0.7023
Hypos_Xin_01,Hypostomus_plecostomus,Xingu,Xingu,fast,277.11798986429096,6,0.3712,0.3671
Hypos_Xin_01,Hypostomus_plecostomus,Xingu,Xingu,fast,299.24644149673077,7,0.5979,0.7447
Hypos_Xin_01,Hypostomus_plecostomus,Xingu,Xingu,fast,420.74382974347157,8,0.7625,0.2508
Hypos_Xin_01,Hypostomus_plecostomus,Xingu,Xingu,fast,346.8945759594612,9,0.9885,0.6344
Hypos_Xin_01,Hypostomus_plecostomus,Xingu,Xingu,fast,307.58453723026355,10,0.9646,0.4229
Hypos_Xin_01,Hypostomus_plecostomus,Xingu,Xingu,fast,356.97918401169665,11,1.2936,0.6824
Hypos_Xin_01,Hypostomus_plecostomus,Xingu,Xingu,fast,279.7199386713762,12,1.2772,0.3179
Hypos_Xin_02,Hypostomus_plecostomus,Xingu,Xingu,fast,289.3479978316093,1,0.0007,0.0854
Hypos_Xin_02,Hypostomus_plecostomus,Xingu,Xingu,fast,396.9142421187853,2,0.1185,0.4686
Hypos_Xin_02,Hypostomus_plecostomus,Xingu,Xingu,fast,342.31704499030434,3,0.1329,0.6362
Hypos_Xin_02,Hypostomus_plecostomus,Xingu,Xingu,fast,410.45992918321787,4,0.2125,0.622
Hypos_Xin_02,Hypostomus_plecostomus,Xingu,Xingu,fast,413.541461259918,5,0.2901,0.7342
Hypos_Xin_02,Hypostomus_plecostomus,Xingu,Xingu,fast,402.06374911431254,6,0.2992,0.3689
Hypos_Xin_02,Hypostomus_plecostomus,Xingu,Xingu,fast,364.93885960794444,7,0.5057,0.757
Hypos_Xin_02,Hypostomus_plecostomus,Xingu,Xingu,fast,302.3348809845768,8,0.6257,0.2452
Hypos_Xin_02,Hypostomus_plecostomus,Xingu,Xingu,fast,294.42549216192185,9,0.8003,0.6028
Hypos_Xin_02,Hypostomus_plecostomus,Xingu,Xingu,fast,293.4230124831586,10,0.8052,0.4287
Hypos_Xin_02,Hypostomus_plecostomus,Xingu,Xingu,fast,356.0009068706979,11,1.065,0.7087
Hypos_Xin_02,Hypostomus_plecostomus,Xingu,Xingu,fast,416.04292155360554,12,1.0495,0.3154
Hypos_Xin_03,Hypostomus_plecostomus,Xingu,Xingu,fast,322.26220950718164,1,-0.0072,0.0871
Hypos_Xin_03,Hypostomus_plecostomus,Xingu,Xingu,fast,414.11198741294123,2,0.1046,0.4505
Hypos_Xin_03,Hypostomus_plecostomus,Xingu,Xingu,fast,376.9368957502205,3,0.1436,0.6174
Hypos_Xin_03,Hypostomus_plecostomus,Xingu,Xingu,fast,303.9147506047184,4,0.2399,0.6292
Hypos_Xin_03,Hypostomus_plecostomus,Xingu,Xingu,fast,420.1772626785731,5,0.369,0.6766
Hypos_Xin_03,Hypostomus_plecostomus,Xingu,Xingu,fast,380.01940372085267,6,0.3534,0.3259
Hypos_Xin_03,Hypostomus_plecostomus,Xingu,Xingu,fast,398.19562732635575,7,0.5618,0.7563
Hypos_Xin_03,Hypostomus_plecostomus,Xingu,Xingu,fast,321.37988343886883,8,0.6805,0.2821
Hypos_Xin_03,Hypostomus_plecostomus,Xingu,Xingu,fast,346.2445037311055,9,0.9214,0.6175
Hypos_Xin_03,Hypostomus_plecostomus,Xingu,Xingu,fast,331.89020874574237,10,0.9261,0.4318
Hypos_Xin_03,Hypostomus_plecostomus,Xingu,Xingu,fast,321.22187791940974,11,1.2122,0.705
Hypos_Xin_03,Hypostomus_plecostomus,Xingu,Xingu,fast,316.7992044126927,12,1.2192,0.3044
Hypos_Xin_04,Hypostomus_plecostomus,Xingu,Xingu,fast,364.1307213765607,1,0.0134,0.0824
Hypos_Xin_04,Hypostomus_plecostomus,Xingu,Xingu,fast,310.3916777654838,2,0.108,0.4421
Hypos_Xin_04,Hypostomus_plecostomus,Xingu,Xingu,fast,307.1079037744172,3,0.135,0.6239
Hypos_Xin_04,Hypostomus_plecostomus,Xingu,Xingu,fast,358.4022859136377,4,0.2215,0.6161
Hypos_Xin_04,Hypostomus_plecostomus,Xingu,Xingu,fast,340.82185268072874,5,0.3218,0.7326
Hypos_Xin_04,Hypostomus_plecostomus,Xingu,Xingu,fast,296.1162507441986,6,0.3113,0.3521
Hypos_Xin_04,Hypostomus_plecostomus,Xingu,Xingu,fast,286.3338371587835,7,0.5334,0.7413
Hypos_Xin_04,Hypostomus_plecostomus,Xingu,Xingu,fast,334.49698002456336,8,0.6474,0.2748
Hypos_Xin_04,Hypostomus_plecostomus,Xingu,Xingu,fast,325.3534552930984,9,0.8649,0.6146
Hypos_Xin_04,Hypostomus_plecostomus,Xingu,Xingu,fast,385.6923208344276,10,0.841,0.4176
Hypos_Xin_04,Hypostomus_plecostomus,Xingu,Xingu,fast,309.4448363423467,11,1.1293,0.7009
Hypos_Xin_04,Hypostomus_plecostomus,Xingu,Xingu,fast,375.76350483316173,12,1.1475,0.3254
Hypos_Xin_05,Hypostomus_plecostomus,Xingu,Xingu,fast,287.74460302192847,1,0.0019,0.1131
Hypos_Xin_05,Hypostomus_plecostomus,Xingu,Xingu,fast,408.9687654750498,2,0.1274,0.4439
Hypos_Xin_05,Hypostomus_plecostomus,Xingu,Xingu,fast,390.7382503701109,3,0.1686,0.5953
Hypos_Xin_05,Hypostomus_plecostomus,Xingu,Xingu,fast,408.7338356413375,4,0.214,0.6374
Hypos_Xin_05,Hypostomus_plecostomus,Xingu,Xingu,fast,291.7369569349247,5,0.3524,0.7202
Hypos_Xin_05,Hypostomus_plecostomus,Xingu,Xingu,fast,329.8788495445771,6,0.3675,0.3487
Hypos_Xin_05,Hypostomus_plecostomus,Xingu,Xingu,fast,287.3928758636254,7,0.5929,0.7209
Hypos_Xin_05,Hypostomus_plecostomus,Xingu,Xingu,fast,413.1742470249494,8,0.7219,0.2729
Hypos_Xin_05,Hypostomus_plecostomus,Xingu,Xingu,fast,347.43389055405873,9,0.9789,0.6239
Hypos_Xin_05,Hypostomus_plecostomus,Xingu,Xingu,fast,411.9000429948153,10,0.9595,0.4206
Hypos_Xin_05,Hypostomus_plecostomus,Xingu,Xingu,fast,323.20118881469364,11,1.2641,0.703
Hypos_Xin_05,Hypostomus_plecostomus,Xingu,Xingu,fast,364.16076554416986,12,1.2713,0.3068
Hypos_Xin_06,Hypostomus_plecostomus,Xingu,Xingu,fast,283.1413536026072,1,-0.0003,0.1213
Hypos_Xin_06,Hypostomus_plecostomus,Xingu,Xingu,fast,410.7067555104524,2,0.1124,0.4531
Hypos_Xin_06,Hypostomus_plecostomus,Xingu,Xingu,fast,355.8051848126224,3,0.1455,0.606
Hypos_Xin_06,Hypostomus_plecostomus,Xingu,Xingu,fast,342.54158635803594,4,0.2175,0.6327
Hypos_Xin_06,Hypostomus_plecostomus,Xingu,Xingu,fast,355.2771212336794,5,0.3156,0.7043
Hypos_Xin_06,Hypostomus_plecostomus,Xingu,Xingu,fast,390.08329268419055,6,0.3335,0.3435
Hypos_Xin_06,Hypostomus_plecostomus,Xingu,Xingu,fast,375.13282451444024,7,0.5411,0.7398
Hypos_Xin_06,Hypostomus_plecostomus,Xingu,Xingu,fast,364.52182949174863,8,0.663,0.2616
Hypos_Xin_06,Hypostomus_plecostomus,Xingu,Xingu,fast,383.8842551349861,9,0.8924,0.6232
Hypos_Xin_06,Hypostomus_plecostomus,Xingu,Xingu,fast,359.7667204459011,10,0.9095,0.4049
Hypos_Xin_06,Hypostomus_plecostomus,Xingu,Xingu,fast,383.8429026874641,11,1.1885,0.6998
Hypos_Xin_06,Hypostomus_plecostomus,Xingu,Xingu,fast,299.65590001934277,12,1.1901,0.3054
Hypos_Xin_07,Hypostomus_plecostomus,Xingu,Xingu,fast,335.54896272378573,1,0.0119,0.0811
Hypos_Xin_07,Hypostomus_plecostomus,Xingu,Xingu,fast,358.0067217468087,2,0.1273,0.4687
Hypos_Xin_07,Hypostomus_plecostomus,Xingu,Xingu,fast,368.57724127547584,3,0.1592,0.6365
Hypos_Xin_07,Hypostomus_plecostomus,Xingu,Xingu,fast,404.06513562348715,4,0.2351,0.6147
Hypos_Xin_07,Hypostomus_plecostomus,Xingu,Xingu,fast,323.02636163669206,5,0.3524,0.7085
Hypos_Xin_07,Hypostomus_plecostomus,Xingu,Xingu,fast,420.69140226004896,6,0.3242,0.3369
Hypos_Xin_07,Hypostomus_plecostomus,Xingu,Xingu,fast,331.4879350140915,7,0.5401,0.7848
Hypos_Xin_07,Hypostomus_plecostomus,Xingu,Xingu,fast,362.6992336332672,8,0.6677,0.271
Hypos_Xin_07,Hypostomus_plecostomus,Xingu,Xingu,fast,378.43204699920676,9,0.9105,0.5986
Hypos_Xin_07,Hypostomus_plecostomus,Xingu,Xingu,fast,306.5595676300902,10,0.9104,0.4062
Hypos_Xin_07,Hypostomus_plecostomus,Xingu,Xingu,fast,299.03550545096823,11,1.1881,0.6571
Hypos_Xin_07,Hypostomus_plecostomus,Xingu,Xingu,fast,412.99380474761904,12,1.1772,0.3065
Hypos_Xin_08,Hypostomus_plecostomus,Xingu,Xingu,fast,385.9399299300559,1,-0.0014,0.1027
Hypos_Xin_08,Hypostomus_plecostomus,Xingu,Xingu,fast,373.0876476385643,2,0.1152,0.4426
Hypos_Xin_08,Hypostomus_plecostomus,Xingu,Xingu,fast,302.18944163446633,3,0.1632,0.6258
Hypos_Xin_08,Hypostomus_plecostomus,Xingu,Xingu,fast,286.33448254621305,4,0.2336,0.6249
Hypos_Xin_08,Hypostomus_plecostomus,Xingu,Xingu,fast,375.417601877977,5,0.3342,0.7061
Hypos_Xin_08,Hypostomus_plecostomus,Xingu,Xingu,fast,345.31681396053125,6,0.3388,0.3317
Hypos_Xin_08,Hypostomus_plecostomus,Xingu,Xingu,fast,289.4240033689609,7,0.5564,0.7506
Hypos_Xin_08,Hypostomus_plecostomus,Xingu,Xingu,fast,394.54278622589186,8,0.668,0.2911
Hypos_Xin_08,Hypostomus_plecostomus,Xingu,Xingu,fast,364.987655884486,9,0.9248,0.6188
Hypos_Xin_08,Hypostomus_plecostomus,Xingu,Xingu,fast,405.0363011866275,10,0.9013,0.4116
Hypos_Xin_08,Hypostomus_plecostomus,Xingu,Xingu,fast,387.7988594068238,11,1.1887,0.7131
Hypos_Xin_08,Hypostomus_plecostomus,Xingu,Xingu,fast,326.1104741222856,12,1.1865,0.3106
Hypos_Xin_09,Hypostomus_plecostomus,Xingu,Xingu,fast,383.5764296313316,1,0.0113,0.1139
Hypos_Xin_09,Hypostomus_plecostomus,Xingu,Xingu,fast,318.6685350871138,2,0.1131,0.4573
Hypos_Xin_09,Hypostomus_plecostomus,Xingu,Xingu,fast,359.0665558684639,3,0.1589,0.64
Hypos_Xin_09,Hypostomus_plecostomus,Xingu,Xingu,fast,352.5271682310374,4,0.2113,0.6236
Hypos_Xin_09,Hypostomus_plecostomus,Xingu,Xingu,fast,281.5267191175273,5,0.3728,0.7042
Hypos_Xin_09,Hypostomus_plecostomus,Xingu,Xingu,fast,303.2415698806882,6,0.3601,0.3263
Hypos_Xin_09,Hypostomus_plecostomus,Xingu,Xingu,fast,390.0163280066927,7,0.5717,0.7582
Hypos_Xin_09,Hypostomus_plecostomus,Xingu,Xingu,fast,324.69498903164197,8,0.6992,0.2777
Hypos_Xin_09,Hypostomus_plecostomus,Xingu,Xingu,fast,374.91980494861394,9,0.9377,0.6277
Hypos_Xin_09,Hypostomus_plecostomus,Xingu,Xingu,fast,392.2553255946767,10,0.9275,0.4164
Hypos_Xin_09,Hypostomus_plecostomus,Xingu,Xingu,fast,304.0328370819459,11,1.2357,0.684
Hypos_Xin_09,Hypostomus_plecostomus,Xingu,Xingu,fast,399.53403085894644,12,1.2175,0.2846
Hypos_Xin_10,Hypostomus_plecostomus,Xingu,Xingu,fast,305.9788432706092,1,0.006,0.1123
Hypos_Xin_10,Hypostomus_plecostomus,Xingu,Xingu,fast,329.52570713981487,2,0.1193,0.4388
Hypos_Xin_10,Hypostomus_plecostomus,Xingu,Xingu,fast,385.9159108463593,3,0.1655,0.6216
Hypos_Xin_10,Hypostomus_plecostomus,Xingu,Xingu,fast,375.16519758653254,4,0.2644,0.6341
Hypos_Xin_10,Hypostomus_plecostomus,Xingu,Xingu,fast,345.72312404827994,5,0.346,0.7062
Hypos_Xin_10,Hypostomus_plecostomus,Xingu,Xingu,fast,416.06740581067976,6,0.3404,0.3812
Hypos_Xin_10,Hypostomus_plecostomus,Xingu,Xingu,fast,408.1866378957108,7,0.6017,0.7695
Hypos_Xin_10,Hypostomus_plecostomus,Xingu,Xingu,fast,291.7256439804204,8,0.7163,0.2509
Hypos_Xin_10,Hypostomus_plecostomus,Xingu,Xingu,fast,357.3667301909199,9,0.964,0.6198
Hypos_Xin_10,Hypostomus_plecostomus,Xingu,Xingu,fast,380.14815481169387,10,0.9696,0.4033
Hypos_Xin_10,Hypostomus_plecostomus,Xingu,Xingu,fast,403.89015540387646,11,1.2455,0.6997
Hypos_Xin_10,Hypostomus_plecostomus,Xingu,Xingu,fast,424.06464704394097,12,1.2522,0.3004
Hypos_Xin_11,Hypostomus_plecostomus,Xingu,Xingu,fast,287.9094671425776,1,0.0156,0.1068
Hypos_Xin_11,Hypostomus_plecostomus,Xingu,Xingu,fast,307.27193678519757,2,0.1203,0.4384
Hypos_Xin_11,Hypostomus_plecostomus,Xingu,Xingu,fast,367.5121221788971,3,0.1514,0.611
Hypos_Xin_11,Hypostomus_plecostomus,Xingu,Xingu,fast,377.2952408759658,4,0.2444,0.6307
Hypos_Xin_11,Hypostomus_plecostomus,Xingu,Xingu,fast,422.7781351772547,5,0.3643,0.7094
Hypos_Xin_11,Hypostomus_plecostomus,Xingu,Xingu,fast,351.7659122058101,6,0.3267,0.35
Hypos_Xin_11,Hypostomus_plecostomus,Xingu,Xingu,fast,343.45446445473067,7,0.5786,0.7471
Hypos_Xin_11,Hypostomus_plecostomus,Xingu,Xingu,fast,313.47404244941293,8,0.6719,0.2781
Hypos_Xin_11,Hypostomus_plecostomus,Xingu,Xingu,fast,330.66926816040535,9,0.9105,0.6269
Hypos_Xin_11,Hypostomus_plecostomus,Xingu,Xingu,fast,334.095422971427,10,0.9041,0.4241
Hypos_Xin_11,Hypostomus_plecostomus,Xingu,Xingu,fast,341.55842840373083,11,1.1986,0.7332
Hypos_Xin_11,Hypostomus_plecostomus,Xingu,Xingu,fast,287.51209917118814,12,1.193,0.2875
Hypos_Xin_12,Hypostomus_plecostomus,Xingu,Xingu,fast,361.82527208118364,1,-0.0055,0.0934
Hypos_Xin_12,Hypostomus_plecostomus,Xingu,Xingu,fast,362.90914186705726,2,0.1277,0.4499
Hypos_Xin_12,Hypostomus_plecostomus,Xingu,Xingu,fast,416.9748626355754,3,0.1598,0.6242
Hypos_Xin_12,Hypostomus_plecostomus,Xingu,Xingu,fast,344.3812258435492,4,0.234,0.617
Hypos_Xin_12,Hypostomus_plecostomus,Xingu,Xingu,fast,313.22580370874084,5,0.3609,0.7161
Hypos_Xin_12,Hypostomus_plecostomus,Xingu,Xingu,fast,384.3978416080577,6,0.3698,0.349
Hypos_Xin_12,Hypostomus_plecostomus,Xingu,Xingu,fast,388.35951305418087,7,0.5973,0.7692
Hypos_Xin_12,Hypostomus_plecostomus,Xingu,Xingu,fast,316.88513626812755,8,0.7417,0.2717
Hypos_Xin_12,Hypostomus_plecostomus,Xingu,Xingu,fast,384.0698848411145,9,0.9707,0.6344
Hypos_Xin_12,Hypostomus_plecostomus,Xingu,Xingu,fast,341.6785538899462,10,0.9888,0.4093
Hypos_Xin_12,Hypostomus_plecostomus,Xingu,Xingu,fast,423.76359587324197,11,1.3002,0.6911
Hypos_Xin_12,Hypostomus_plecostomus,Xingu,Xingu,fast,406.9001772534043,12,1.2892,0.2944
Hypos_Toc_01,Hypostomus_plecostomus,Tocantins,Tocantins,slow,391.06630432232527,1,-0.0184,0.0816
Hypos_Toc_01,Hypostomus_plecostomus,Tocantins,Tocantins,slow,318.5562792668154,2,0.1277,0.4406
Hypos_Toc_01,Hypostomus_plecostomus,Tocantins,Tocantins,slow,386.7978439487457,3,0.165,0.613
Hypos_Toc_01,Hypostomus_plecostomus,Tocantins,Tocantins,slow,402.6758188718303,4,0.2552,0.627
Hypos_Toc_01,Hypostomus_plecostomus,Tocantins,Tocantins,slow,389.37963904965477,5,0.379,0.6913
Hypos_Toc_01,Hypostomus_plecostomus,Tocantins,Tocantins,slow,288.20064080736665,6,0.3485,0.3509
Hypos_Toc_01,Hypostomus_plecostomus,Tocantins,Tocantins,slow,383.06863485362805,7,0.5635,0.7646
Hypos_Toc_01,Hypostomus_plecostomus,Tocantins,Tocantins,slow,331.50988434973925,8,0.6804,0.2925
Hypos_Toc_01,Hypostomus_plecostomus,Tocantins,Tocantins,slow,360.4703634873915,9,0.9352,0.6187
Hypos_Toc_01,Hypostomus_plecostomus,Tocantins,Tocantins,slow,358.7018101234608,10,0.9235,0.4376
Hypos_Toc_01,Hypostomus_plecostomus,Tocantins,Tocantins,slow,306.0588278726779,11,1.2534,0.6267
Hypos_Toc_01,Hypostomus_plecostomus,Tocantins,Tocantins,slow,325.21580600860375,12,1.2408,0.3822
Hypos_Toc_02,Hypostomus_plecostomus,Tocantins,Tocantins,slow,384.2443586907239,1,0.0063,0.1065
Hypos_Toc_02,Hypostomus_plecostomus,Tocantins,Tocantins,slow,315.27363007556363,2,0.1259,0.4446
Hypos_Toc_02,Hypostomus_plecostomus,Tocantins,Tocantins,slow,306.2081327792373,3,0.1301,0.6251
Hypos_Toc_02,Hypostomus_plecostomus,Tocantins,Tocantins,slow,418.7119232046142,4,0.226,0.6271
Hypos_Toc_02,Hypostomus_plecostomus,Tocantins,Tocantins,slow,398.6507814720067,5,0.3462,0.6933
Hypos_Toc_02,Hypostomus_plecostomus,Tocantins,Tocantins,slow,371.2840123949939,6,0.3468,0.3358
Hypos_Toc_02,Hypostomus_plecostomus,Tocantins,Tocantins,slow,327.63214177459355,7,0.5032,0.7478
Hypos_Toc_02,Hypostomus_plecostomus,Tocantins,Tocantins,slow,363.0008234821149,8,0.6159,0.2646
Hypos_Toc_02,Hypostomus_plecostomus,Tocantins,Tocantins,slow,294.971754063641,9,0.859,0.6355
Hypos_Toc_02,Hypostomus_plecostomus,Tocantins,Tocantins,slow,416.14443101093696,10,0.8493,0.4206
Hypos_Toc_02,Hypostomus_plecostomus,Tocantins,Tocantins,slow,297.8728129891255,11,1.1475,0.6311
Hypos_Toc_02,Hypostomus_plecostomus,Tocantins,Tocantins,slow,316.4422663904917,12,1.1327,0.3814
Hypos_Toc_03,Hypostomus_plecostomus,Tocantins,Tocantins,slow,361.1442481182687,1,-0.0047,0.0976
Hypos_Toc_03,Hypostomus_plecostomus,Tocantins,Tocantins,slow,420.89310268524684,2,0.1026,0.4472
Hypos_Toc_03,Hypostomus_plecostomus,Tocantins,Tocantins,slow,392.4164356543764,3,0.1217,0.6013
Hypos_Toc_03,Hypostomus_plecostomus,Tocantins,Tocantins,slow,362.37814588474976,4,0.2155,0.6295
Hypos_Toc_03,Hypostomus_plecostomus,Tocantins,Tocantins,slow,302.44596189300574,5,0.3264,0.6911
Hypos_Toc_03,Hypostomus_plecostomus,Tocantins,Tocantins,slow,339.8555639645119,6,0.3174,0.3546
Hypos_Toc_03,Hypostomus_plecostomus,Tocantins,Tocantins,slow,391.1171613796668,7,0.4692,0.7587
Hypos_Toc_03,Hypostomus_plecostomus,Tocantins,Tocantins,slow,379.4879062945256,8,0.5823,0.2689
Hypos_Toc_03,Hypostomus_plecostomus,Tocantins,Tocantins,slow,411.52305310243094,9,0.7953,0.6174
Hypos_Toc_03,Hypostomus_plecostomus,Tocantins,Tocantins,slow,386.7804389908043,10,0.8105,0.4166
Hypos_Toc_03,Hypostomus_plecostomus,Tocantins,Tocantins,slow,325.5271123407415,11,1.0818,0.6265
Hypos_Toc_03,Hypostomus_plecostomus,Tocantins,Tocantins,slow,317.81785761095296,12,1.0479,0.3446
Hypos_Toc_04,Hypostomus_plecostomus,Tocantins,Tocantins,slow,386.90379331646255,1,0.0105,0.1
Hypos_Toc_04,Hypostomus_plecostomus,Tocantins,Tocantins,slow,399.7023581830741,2,0.1238,0.4261
Hypos_Toc_04,Hypostomus_plecostomus,Tocantins,Tocantins,slow,332.89496604420845,3,0.1741,0.6363
Hypos_Toc_04,Hypostomus_plecostomus,Tocantins,Tocantins,slow,338.10833326316015,4,0.2317,0.6129
Hypos_Toc_04,Hypostomus_plecostomus,Tocantins,Tocantins,slow,398.33017326846857,5,0.3514,0.6833
Hypos_Toc_04,Hypostomus_plecostomus,Tocantins,Tocantins,slow,345.5169161703086,6,0.3748,0.367
Hypos_Toc_04,Hypostomus_plecostomus,Tocantins,Tocantins,slow,282.80387641655517,7,0.5547,0.7609
Hypos_Toc_04,Hypostomus_plecostomus,Tocantins,Tocantins,slow,393.2446599069384,8,0.6514,0.2376
Hypos_Toc_04,Hypostomus_plecostomus,Tocantins,Tocantins,slow,383.95459920908513,9,0.8957,0.6257
Hypos_Toc_04,Hypostomus_plecostomus,Tocantins,Tocantins,slow,299.25195791521566,10,0.9219,0.4234
Hypos_Toc_04,Hypostomus_plecostomus,Tocantins,Tocantins,slow,310.681189009212,11,1.1993,0.6414
Hypos_Toc_04,Hypostomus_plecostomus,Tocantins,Tocantins,slow,341.59276522275127,12,1.214,0.3793
Hypos_Toc_05,Hypostomus_plecostomus,Tocantins,Tocantins,slow,288.35892020632747,1,0.0007,0.1156
Hypos_Toc_05,Hypostomus_plecostomus,Tocantins,Tocantins,slow,369.30746475588563,2,0.1404,0.4257
Hypos_Toc_05,Hypostomus_plecostomus,Tocantins,Tocantins,slow,304.16675118895597,3,0.1535,0.6405
Hypos_Toc_05,Hypostomus_plecostomus,Tocantins,Tocantins,slow,339.3208986754959,4,0.2468,0.6289
Hypos_Toc_05,Hypostomus_plecostomus,Tocantins,Tocantins,slow,289.231056662304,5,0.3445,0.7124
Hypos_Toc_05,Hypostomus_plecostomus,Tocantins,Tocantins,slow,285.27793483127834,6,0.3542,0.3503
Hypos_Toc_05,Hypostomus_plecostomus,Tocantins,Tocantins,slow,287.1283978639185,7,0.5118,0.7488
Hypos_Toc_05,Hypostomus_plecostomus,Tocantins,Tocantins,slow,375.81343321948816,8,0.6484,0.2741
Hypos_Toc_05,Hypostomus_plecostomus,Tocantins,Tocantins,slow,400.91077560212506,9,0.863,0.6063
Hypos_Toc_05,Hypostomus_plecostomus,Tocantins,Tocantins,slow,325.29675702016095,10,0.8813,0.4102
Hypos_Toc_05,Hypostomus_plecostomus,Tocantins,Tocantins,slow,327.2236710590645,11,1.1837,0.6257
Hypos_Toc_05,Hypostomus_plecostomus,Tocantins,Tocantins,slow,360.7983603962779,12,1.1791,0.3702
Hypos_Toc_06,Hypostomus_plecostomus,Tocantins,Tocantins,slow,301.3333431551507,1,-0.0015,0.1071
Hypos_Toc_06,Hypostomus_plecostomus,Tocantins,Tocantins,slow,309.24666605156114,2,0.1053,0.461
Hypos_Toc_06,Hypostomus_plecostomus,Tocantins,Tocantins,slow,357.30060181139424,3,0.1405,0.6147
Hypos_Toc_06,Hypostomus_plecostomus,Tocantins,Tocantins,slow,403.3076602864113,4,0.2341,0.6383
Hypos_Toc_06,Hypostomus_plecostomus,Tocantins,Tocantins,slow,320.8519450217601,5,0.3529,0.7175
Hypos_Toc_06,Hypostomus_plecostomus,Tocantins,Tocantins,slow,324.78061452207135,6,0.3365,0.3655
Hypos_Toc_06,Hypostomus_plecostomus,Tocantins,Tocantins,slow,386.18901644517973,7,0.5173,0.7513
Hypos_Toc_06,Hypostomus_plecostomus,Tocantins,Tocantins,slow,375.57390663023637,8,0.6373,0.2662
Hypos_Toc_06,Hypostomus_plecostomus,Tocantins,Tocantins,slow,284.68018368035814,9,0.8619,0.6256
Hypos_Toc_06,Hypostomus_plecostomus,Tocantins,Tocantins,slow,283.5804169138179,10,0.8761,0.4088
Hypos_Toc_06,Hypostomus_plecostomus,Tocantins,Tocantins,slow,347.08004001930817,11,1.1573,0.6342
Hypos_Toc_06,Hypostomus_plecostomus,Tocantins,Tocantins,slow,391.51009238376224,12,1.1831,0.3544
Hypos_Toc_07,Hypostomus_plecostomus,Tocantins,Tocantins,slow,326.9410010924998,1,0.0119,0.108
Hypos_Toc_07,Hypostomus_plecostomus,Tocantins,Tocantins,slow,329.8702786785333,2,0.0902,0.4276
Hypos_Toc_07,Hypostomus_plecostomus,Tocantins,Tocantins,slow,366.68694985929346,3,0.1556,0.6206
Hypos_Toc_07,Hypostomus_plecostomus,Tocantins,Tocantins,slow,360.8445279606672,4,0.2014,0.6246
Hypos_Toc_07,Hypostomus_plecostomus,Tocantins,Tocantins,slow,343.2184568995988,5,0.3194,0.6853
Hypos_Toc_07,Hypostomus_plecostomus,Tocantins,Tocantins,slow,285.49738859495824,6,0.3273,0.3659
Hypos_Toc_07,Hypostomus_plecostomus,Tocantins,Tocantins,slow,345.8813228286487,7,0.4945,0.7451
Hypos_Toc_07,Hypostomus_plecostomus,Tocantins,Tocantins,slow,290.5244095018443,8,0.5839,0.2591
Hypos_Toc_07,Hypostomus_plecostomus,Tocantins,Tocantins,slow,277.67226546531106,9,0.815,0.616
Hypos_Toc_07,Hypostomus_plecostomus,Tocantins,Tocantins,slow,403.15865174477125,10,0.8017,0.4327
Hypos_Toc_07,Hypostomus_plecostomus,Tocantins,Tocantins,slow,339.0946157861124,11,1.0671,0.6107
Hypos_Toc_07,Hypostomus_plecostomus,Tocantins,Tocantins,slow,419.83931269680164,12,1.0704,0.3834
Hypos_Toc_08,Hypostomus_plecostomus,Tocantins,Tocantins,slow,350.86197507188285,1,-0.0103,0.0992
Hypos_Toc_08,Hypostomus_plecostomus,Tocantins,Tocantins,slow,390.8539102684164,2,0.0958,0.4571
Hypos_Toc_08,Hypostomus_plecostomus,Tocantins,Tocantins,slow,352.3933382288005,3,0.1266,0.632
Hypos_Toc_08,Hypostomus_plecostomus,Tocantins,Tocantins,slow,282.6599859880911,4,0.2229,0.6146
Hypos_Toc_08,Hypostomus_plecostomus,Tocantins,Tocantins,slow,327.2859480212077,5,0.3251,0.7074
Hypos_Toc_08,Hypostomus_plecostomus,Tocantins,Tocantins,slow,351.70933615328755,6,0.3151,0.3418
Hypos_Toc_08,Hypostomus_plecostomus,Tocantins,Tocantins,slow,345.116583538856,7,0.4656,0.7642
Hypos_Toc_08,Hypostomus_plecostomus,Tocantins,Tocantins,slow,353.1615657527632,8,0.5749,0.2505
Hypos_Toc_08,Hypostomus_plecostomus,Tocantins,Tocantins,slow,369.9663784723205,9,0.7937,0.6127
Hypos_Toc_08,Hypostomus_plecostomus,Tocantins,Tocantins,slow,375.5634085941838,10,0.7948,0.3969
Hypos_Toc_08,Hypostomus_plecostomus,Tocantins,Tocantins,slow,374.4622134396957,11,1.0565,0.6533
Hypos_Toc_08,Hypostomus_plecostomus,Tocantins,Tocantins,slow,398.6490439889977,12,1.0465,0.3465
Hypos_Toc_09,Hypostomus_plecostomus,Tocantins,Tocantins,slow,417.4282647708392,1,-0.0098,0.1201
Hypos_Toc_09,Hypostomus_plecostomus,Tocantins,Tocantins,slow,302.7092709323167,2,0.1193,0.4465
Hypos_Toc_09,Hypostomus_plecostomus,Tocantins,Tocantins,slow,327.2850410384165,3,0.1634,0.6349
Hypos_Toc_09,Hypostomus_plecostomus,Tocantins,Tocantins,slow,403.0158098013677,4,0.2348,0.6137
Hypos_Toc_09,Hypostomus_plecostomus,Tocantins,Tocantins,slow,386.1818597598974,5,0.3378,0.7206
Hypos_Toc_09,Hypostomus_plecostomus,Tocantins,Tocantins,slow,424.54572884882447,6,0.3583,0.33
Hypos_Toc_09,Hypostomus_plecostomus,Tocantins,Tocantins,slow,277.5697558467008,7,0.4999,0.7391
Hypos_Toc_09,Hypostomus_plecostomus,Tocantins,Tocantins,slow,330.7608123529272,8,0.6169,0.2686
Hypos_Toc_09,Hypostomus_plecostomus,Tocantins,Tocantins,slow,312.0161907544287,9,0.8518,0.6145
Hypos_Toc_09,Hypostomus_plecostomus,Tocantins,Tocantins,slow,341.46741625782363,10,0.8465,0.4358
Hypos_Toc_09,Hypostomus_plecostomus,Tocantins,Tocantins,slow,299.26145905467934,11,1.1378,0.6265
Hypos_Toc_09,Hypostomus_plecostomus,Tocantins,Tocantins,slow,388.32154755335137,12,1.1331,0.3804
Hypos_Toc_10,Hypostomus_plecostomus,Tocantins,Tocantins,slow,296.96612345434465,1,0.0079,0.0903
Hypos_Toc_10,Hypostomus_plecostomus,Tocantins,Tocantins,slow,365.24547472265294,2,0.1109,0.4524
Hypos_Toc_10,Hypostomus_plecostomus,Tocantins,Tocantins,slow,389.93577007561646,3,0.17,0.5881
Hypos_Toc_10,Hypostomus_plecostomus,Tocantins,Tocantins,slow,291.59638306776554,4,0.2598,0.638
Hypos_Toc_10,Hypostomus_plecostomus,Tocantins,Tocantins,slow,293.65878853384834,5,0.3606,0.6945
Hypos_Toc_10,Hypostomus_plecostomus,Tocantins,Tocantins,slow,291.5271917576758,6,0.3497,0.3402
Hypos_Toc_10,Hypostomus_plecostomus,Tocantins,Tocantins,slow,279.5947938346226,7,0.5116,0.7432
Hypos_Toc_10,Hypostomus_plecostomus,Tocantins,Tocantins,slow,338.4892976539035,8,0.6688,0.2745
Hypos_Toc_10,Hypostomus_plecostomus,Tocantins,Tocantins,slow,386.26677587948916,9,0.9142,0.6158
Hypos_Toc_10,Hypostomus_plecostomus,Tocantins,Tocantins,slow,306.2570031100534,10,0.9081,0.4258
Hypos_Toc_10,Hypostomus_plecostomus,Tocantins,Tocantins,slow,407.235076952204,11,1.2186,0.6365
Hypos_Toc_10,Hypostomus_plecostomus,Tocantins,Tocantins,slow,353.7729847664334,12,1.2352,0.3733
Hypos_Toc_11,Hypostomus_plecostomus,Tocantins,Tocantins,slow,296.3528671324282,1,-0.0091,0.0901
Hypos_Toc_11,Hypostomus_plecostomus,Tocantins,Tocantins,slow,398.78563580251125,2,0.1345,0.434
Hypos_Toc_11,Hypostomus_plecostomus,Tocantins,Tocantins,slow,387.06304987175326,3,0.136,0.6461
Hypos_Toc_11,Hypostomus_plecostomus,Tocantins,Tocantins,slow,304.9315998105077,4,0.2387,0.6384
Hypos_Toc_11,Hypostomus_plecostomus,Tocantins,Tocantins,slow,351.4182827155688,5,0.3678,0.7099
Hypos_Toc_11,Hypostomus_plecostomus,Tocantins,Tocantins,slow,336.3435532460903,6,0.3688,0.3806
Hypos_Toc_11,Hypostomus_plecostomus,Tocantins,Tocantins,slow,415.59750721792085,7,0.5435,0.7471
Hypos_Toc_11,Hypostomus_plecostomus,Tocantins,Tocantins,slow,300.3793067466829,8,0.6681,0.2658
Hypos_Toc_11,Hypostomus_plecostomus,Tocantins,Tocantins,slow,348.03962851505787,9,0.8993,0.5724
Hypos_Toc_11,Hypostomus_plecostomus,Tocantins,Tocantins,slow,406.56469029504905,10,0.8869,0.423
Hypos_Toc_11,Hypostomus_plecostomus,Tocantins,Tocantins,slow,312.26562192461523,11,1.2137,0.628
Hypos_Toc_11,Hypostomus_plecostomus,Tocantins,Tocantins,slow,316.3777236058296,12,1.214,0.3704
Hypos_Toc_12,Hypostomus_plecostomus,Tocantins,Tocantins,slow,280.8296565896422,1,-0.008,0.0994
Hypos_Toc_12,Hypostomus_plecostomus,Tocantins,Tocantins,slow,361.94074053860504,2,0.1038,0.4396
Hypos_Toc_12,Hypostomus_plecostomus,Tocantins,Tocantins,slow,410.18063134664146,3,0.1296,0.6226
Hypos_Toc_12,Hypostomus_plecostomus,Tocantins,Tocantins,slow,321.65836821903883,4,0.2196,0.6275
Hypos_Toc_12,Hypostomus_plecostomus,Tocantins,Tocantins,slow,290.3264009335534,5,0.3329,0.6929
Hypos_Toc_12,Hypostomus_plecostomus,Tocantins,Tocantins,slow,338.92843409433647,6,0.3246,0.3782
Hypos_Toc_12,Hypostomus_plecostomus,Tocantins,Tocantins,slow,317.25116793065695,7,0.468,0.7587
Hypos_Toc_12,Hypostomus_plecostomus,Tocantins,Tocantins,slow,378.1117321873073,8,0.5748,0.2722
Hypos_Toc_12,Hypostomus_plecostomus,Tocantins,Tocantins,slow,305.0482455362952,9,0.8002,0.6306
Hypos_Toc_12,Hypostomus_plecostomus,Tocantins,Tocantins,slow,398.024955159357,10,0.7851,0.4181
Hypos_Toc_12,Hypostomus_plecostomus,Tocantins,Tocantins,slow,392.74728386287427,11,1.0428,0.614
Hypos_Toc_12,Hypostomus_plecostomus,Tocantins,Tocantins,slow,373.3659678597405,12,1.0363,0.3626
Hypos_Neg_01,Hypostomus_plecostomus,Negro,Negro,slow,380.12912145820826,1,-0.0008,0.1079
Hypos_Neg_01,Hypostomus_plecostomus,Negro,Negro,slow,317.8283797492502,2,0.1067,0.4478
Hypos_Neg_01,Hypostomus_plecostomus,Negro,Negro,slow,424.77174047035163,3,0.1267,0.623
Hypos_Neg_01,Hypostomus_plecostomus,Negro,Negro,slow,306.05576080609063,4,0.1872,0.6286
Hypos_Neg_01,Hypostomus_plecostomus,Negro,Negro,slow,382.0426158911102,5,0.2932,0.7219
Hypos_Neg_01,Hypostomus_plecostomus,Negro,Negro,slow,288.02283005847653,6,0.3032,0.3479
Hypos_Neg_01,Hypostomus_plecostomus,Negro,Negro,slow,305.96119960799194,7,0.4611,0.7798
Hypos_Neg_01,Hypostomus_plecostomus,Negro,Negro,slow,396.18894969098903,8,0.5818,0.2443
Hypos_Neg_01,Hypostomus_plecostomus,Negro,Negro,slow,295.6356724464449,9,0.7608,0.6132
Hypos_Neg_01,Hypostomus_plecostomus,Negro,Negro,slow,351.2207108522649,10,0.7676,0.4193
Hypos_Neg_01,Hypostomus_plecostomus,Negro,Negro,slow,413.9484009623765,11,1.0315,0.6096
Hypos_Neg_01,Hypostomus_plecostomus,Negro,Negro,slow,360.3875321915601,12,1.0239,0.3778
Hypos_Neg_02,Hypostomus_plecostomus,Negro,Negro,slow,384.814289428567,1,-0.001,0.1185
Hypos_Neg_02,Hypostomus_plecostomus,Negro,Negro,slow,363.29310451627964,2,0.1115,0.4603
Hypos_Neg_02,Hypostomus_plecostomus,Negro,Negro,slow,406.82484672052163,3,0.1464,0.6314
Hypos_Neg_02,Hypostomus_plecostomus,Negro,Negro,slow,411.6104265033557,4,0.2349,0.6482
Hypos_Neg_02,Hypostomus_plecostomus,Negro,Negro,slow,340.58495865616567,5,0.3451,0.6903
Hypos_Neg_02,Hypostomus_plecostomus,Negro,Negro,slow,384.42272953769486,6,0.3497,0.3603
Hypos_Neg_02,Hypostomus_plecostomus,Negro,Negro,slow,305.41856108607533,7,0.5223,0.7503
Hypos_Neg_02,Hypostomus_plecostomus,Negro,Negro,slow,335.1762099521925,8,0.6578,0.2659
Hypos_Neg_02,Hypostomus_plecostomus,Negro,Negro,slow,340.84727113137603,9,0.8674,0.6184
Hypos_Neg_02,Hypostomus_plecostomus,Negro,Negro,slow,411.12556214937,10,0.9005,0.4139
Hypos_Neg_02,Hypostomus_plecostomus,Negro,Negro,slow,329.4354850835959,11,1.1775,0.6155
Hypos_Neg_02,Hypostomus_plecostomus,Negro,Negro,slow,349.77714180233795,12,1.1698,0.3885
Hypos_Neg_03,Hypostomus_plecostomus,Negro,Negro,slow,365.6219032531524,1,0.02,0.1263
Hypos_Neg_03,Hypostomus_plecostomus,Negro,Negro,slow,309.280830848053,2,0.128,0.4393
Hypos_Neg_03,Hypostomus_plecostomus,Negro,Negro,slow,323.4103502496918,3,0.1522,0.6368
Hypos_Neg_03,Hypostomus_plecostomus,Negro,Negro,slow,288.22780310700017,4,0.2128,0.633
Hypos_Neg_03,Hypostomus_plecostomus,Negro,Negro,slow,333.68866368431037,5,0.3299,0.6957
Hypos_Neg_03,Hypostomus_plecostomus,Negro,Negro,slow,333.5179852300507,6,0.332,0.3529
Hypos_Neg_03,Hypostomus_plecostomus,Negro,Negro,slow,293.8331595539365,7,0.4809,0.7543
Hypos_Neg_03,Hypostomus_plecostomus,Negro,Negro,slow,302.64408395998623,8,0.6136,0.2526
Hypos_Neg_03,Hypostomus_plecostomus,Negro,Negro,slow,284.2076352865323,9,0.8401,0.6295
Hypos_Neg_03,Hypostomus_plecostomus,Negro,Negro,slow,295.3140854938147,10,0.831,0.4087
Hypos_Neg_03,Hypostomus_plecostomus,Negro,Negro,slow,379.3401312633037,11,1.1175,0.6269
Hypos_Neg_03,Hypostomus_plecostomus,Negro,Negro,slow,406.66467576519807,12,1.0922,0.3888
Hypos_Neg_04,Hypostomus_plecostomus,Negro,Negro,slow,383.91750143977674,1,-0.0078,0.1119
Hypos_Neg_04,Hypostomus_plecostomus,Negro,Negro,slow,346.3276416507289,2,0.1044,0.4318
Hypos_Neg_04,Hypostomus_plecostomus,Negro,Negro,slow,368.8372180782239,3,0.1412,0.6393
Hypos_Neg_04,Hypostomus_plecostomus,Negro,Negro,slow,366.4619142004427,4,0.2132,0.634
Hypos_Neg_04,Hypostomus_plecostomus,Negro,Negro,slow,371.50556965244704,5,0.3278,0.6951
Hypos_Neg_04,Hypostomus_plecostomus,Negro,Negro,slow,415.8519849383456,6,0.3142,0.3578
Hypos_Neg_04,Hypostomus_plecostomus,Negro,Negro,slow,382.1730296791669,7,0.4862,0.777
Hypos_Neg_04,Hypostomus_plecostomus,Negro,Negro,slow,343.97143902645496,8,0.5934,0.2544
Hypos_Neg_04,Hypostomus_plecostomus,Negro,Negro,slow,301.99134711957277,9,0.8005,0.6146
Hypos_Neg_04,Hypostomus_plecostomus,Negro,Negro,slow,337.47811550604945,10,0.7938,0.4108
Hypos_Neg_04,Hypostomus_plecostomus,Negro,Negro,slow,295.1118411741913,11,1.0511,0.6203
Hypos_Neg_04,Hypostomus_plecostomus,Negro,Negro,slow,382.1783110446401,12,1.0716,0.3766
Hypos_Neg_05,Hypostomus_plecostomus,Negro,Negro,slow,378.6330922202534,1,-0.0081,0.0899
Hypos_Neg_05,Hypostomus_plecostomus,Negro,Negro,slow,316.23423015038327,2,0.1197,0.4347
Hypos_Neg_05,Hypostomus_plecostomus,Negro,Negro,slow,379.4629189825138,3,0.1548,0.6396
Hypos_Neg_05,Hypostomus_plecostomus,Negro,Negro,slow,310.4203878726694,4,0.239,0.6129
Hypos_Neg_05,Hypostomus_plecostomus,Negro,Negro,slow,309.4584787034189,5,0.3645,0.7068
Hypos_Neg_05,Hypostomus_plecostomus,Negro,Negro,slow,308.2043160933314,6,0.3609,0.3505
Hypos_Neg_05,Hypostomus_plecostomus,Negro,Negro,slow,321.17707608887474,7,0.5476,0.7342
Hypos_Neg_05,Hypostomus_plecostomus,Negro,Negro,slow,285.81921506730316,8,0.6777,0.2555
Hypos_Neg_05,Hypostomus_plecostomus,Negro,Negro,slow,339.01597425792374,9,0.9132,0.6364
Hypos_Neg_05,Hypostomus_plecostomus,Negro,Negro,slow,375.68604261050064,10,0.9247,0.4156
Hypos_Neg_05,Hypostomus_plecostomus,Negro,Negro,slow,362.54779462385204,11,1.2223,0.6174
Hypos_Neg_05,Hypostomus_plecostomus,Negro,Negro,slow,372.19797751405684,12,1.2304,0.3785
Hypos_Neg_06,Hypostomus_plecostomus,Negro,Negro,slow,324.60912519904304,1,0.0052,0.0572
Hypos_Neg_06,Hypostomus_plecostomus,Negro,Negro,slow,376.0875655059714,2,0.0963,0.4321
Hypos_Neg_06,Hypostomus_plecostomus,Negro,Negro,slow,310.596558981048,3,0.1223,0.6302
Hypos_Neg_06,Hypostomus_plecostomus,Negro,Negro,slow,393.228274048024,4,0.2036,0.6355
Hypos_Neg_06,Hypostomus_plecostomus,Negro,Negro,slow,369.15049542303586,5,0.3111,0.7149
Hypos_Neg_06,Hypostomus_plecostomus,Negro,Negro,slow,387.67202934532867,6,0.3024,0.3706
Hypos_Neg_06,Hypostomus_plecostomus,Negro,Negro,slow,288.0106292480048,7,0.4699,0.7504
Hypos_Neg_06,Hypostomus_plecostomus,Negro,Negro,slow,378.72308614672556,8,0.5731,0.2788
Hypos_Neg_06,Hypostomus_plecostomus,Negro,Negro,slow,283.2308584974316,9,0.7839,0.6268
Hypos_Neg_06,Hypostomus_plecostomus,Negro,Negro,slow,348.12203995115004,10,0.7757,0.4121
Hypos_Neg_06,Hypostomus_plecostomus,Negro,Negro,slow,381.58355307772916,11,1.012,0.6327
Hypos_Neg_06,Hypostomus_plecostomus,Negro,Negro,slow,289.14133027649166,12,1.0348,0.3717
Hypos_Neg_07,Hypostomus_plecostomus,Negro,Negro,slow,312.0215736750868,1,-0.0025,0.1144
Hypos_Neg_07,Hypostomus_plecostomus,Negro,Negro,slow,398.7945620563739,2,0.1092,0.4648
Hypos_Neg_07,Hypostomus_plecostomus,Negro,Negro,slow,399.68251883737685,3,0.1617,0.6149
Hypos_Neg_07,Hypostomus_plecostomus,Negro,Negro,slow,319.8196544162114,4,0.2303,0.6222
Hypos_Neg_07,Hypostomus_plecostomus,Negro,Negro,slow,309.4257834620331,5,0.3257,0.677
Hypos_Neg_07,Hypostomus_plecostomus,Negro,Negro,slow,309.34429148985976,6,0.3492,0.3629
Hypos_Neg_07,Hypostomus_plecostomus,Negro,Negro,slow,377.8512358029303,7,0.4989,0.7569
Hypos_Neg_07,Hypostomus_plecostomus,Negro,Negro,slow,314.087237440241,8,0.6421,0.2509
Hypos_Neg_07,Hypostomus_plecostomus,Negro,Negro,slow,373.2211284347074,9,0.8295,0.6067
Hypos_Neg_07,Hypostomus_plecostomus,Negro,Negro,slow,386.3505474307543,10,0.8308,0.3938
Hypos_Neg_07,Hypostomus_plecostomus,Negro,Negro,slow,365.87776382580927,11,1.1261,0.6265
Hypos_Neg_07,Hypostomus_plecostomus,Negro,Negro,slow,407.48658620145187,12,1.1037,0.3818
Hypos_Neg_08,Hypostomus_plecostomus,Negro,Negro,slow,374.12806165828476,1,-0.028,0.1281
Hypos_Neg_08,Hypostomus_plecostomus,Negro,Negro,slow,307.8560326505699,2,0.1179,0.445
Hypos_Neg_08,Hypostomus_plecostomus,Negro,Negro,slow,357.99976610091096,3,0.1219,0.6138
Hypos_Neg_08,Hypostomus_plecostomus,Negro,Negro,slow,335.54444659046885,4,0.2244,0.6262
Hypos_Neg_08,Hypostomus_plecostomus,Negro,Negro,slow,351.30149668832166,5,0.3219,0.6898
Hypos_Neg_08,Hypostomus_plecostomus,Negro,Negro,slow,311.57467899578984,6,0.315,0.3618
Hypos_Neg_08,Hypostomus_plecostomus,Negro,Negro,slow,372.60374571346233,7,0.508,0.7418
Hypos_Neg_08,Hypostomus_plecostomus,Negro,Negro,slow,359.44756576852615,8,0.61,0.2617
Hypos_Neg_08,Hypostomus_plecostomus,Negro,Negro,slow,282.2557260573262,9,0.8474,0.6076
Hypos_Neg_08,Hypostomus_plecostomus,Negro,Negro,slow,304.2952282058264,10,0.8527,0.4188
Hypos_Neg_08,Hypostomus_plecostomus,Negro,Negro,slow,352.1902659455212,11,1.1334,0.6401
Hypos_Neg_08,Hypostomus_plecostomus,Negro,Negro,slow,383.4772779106611,12,1.1348,0.3614
Hypos_Neg_09,Hypostomus_plecostomus,Negro,Negro,slow,348.71330952151027,1,-0.0102,0.0994
Hypos_Neg_09,Hypostomus_plecostomus,Negro,Negro,slow,283.30834659453734,2,0.1064,0.4649
Hypos_Neg_09,Hypostomus_plecostomus,Negro,Negro,slow,390.0493258543205,3,0.138,0.6372
Hypos_Neg_09,Hypostomus_plecostomus,Negro,Negro,slow,330.10285410108423,4,0.2234,0.6059
Hypos_Neg_09,Hypostomus_plecostomus,Negro,Negro,slow,337.80304696462224,5,0.3596,0.6973
Hypos_Neg_09,Hypostomus_plecostomus,Negro,Negro,slow,305.66307513574236,6,0.3581,0.3514
Hypos_Neg_09,Hypostomus_plecostomus,Negro,Negro,slow,297.19336589503206,7,0.5409,0.7605
Hypos_Neg_09,Hypostomus_plecostomus,Negro,Negro,slow,411.0799017658806,8,0.638,0.2384
Hypos_Neg_09,Hypostomus_plecostomus,Negro,Negro,slow,413.58004970513633,9,0.873,0.609
Hypos_Neg_09,Hypostomus_plecostomus,Negro,Negro,slow,400.8658927616473,10,0.8957,0.4358
Hypos_Neg_09,Hypostomus_plecostomus,Negro,Negro,slow,377.9250389881297,11,1.1887,0.629
Hypos_Neg_09,Hypostomus_plecostomus,Negro,Negro,slow,359.26278860774863,12,1.2022,0.3907
Hypos_Neg_10,Hypostomus_plecostomus,Negro,Negro,slow,310.7331863865209,1,-0.0034,0.0944
Hypos_Neg_10,Hypostomus_plecostomus,Negro,Negro,slow,414.6746083117057,2,0.1323,0.4289
Hypos_Neg_10,Hypostomus_plecostomus,Negro,Negro,slow,408.2891763115046,3,0.1387,0.636
Hypos_Neg_10,Hypostomus_plecostomus,Negro,Negro,slow,294.3934103344295,4,0.2323,0.6316
Hypos_Neg_10,Hypostomus_plecostomus,Negro,Negro,slow,370.42299565427135,5,0.3718,0.7002
Hypos_Neg_10,Hypostomus_plecostomus,Negro,Negro,slow,397.7413074115345,6,0.3529,0.363
Hypos_Neg_10,Hypostomus_plecostomus,Negro,Negro,slow,392.9726543034068,7,0.5507,0.7532
Hypos_Neg_10,Hypostomus_plecostomus,Negro,Negro,slow,353.3015727286588,8,0.6651,0.2486
Hypos_Neg_10,Hypostomus_plecostomus,Negro,Negro,slow,283.8230471350372,9,0.9068,0.6005
Hypos_Neg_10,Hypostomus_plecostomus,Negro,Negro,slow,336.8868189372482,10,0.9322,0.4212
Hypos_Neg_10,Hypostomus_plecostomus,Negro,Negro,slow,348.79277357724624,11,1.2305,0.6346
Hypos_Neg_10,Hypostomus_plecostomus,Negro,Negro,slow,375.2233607067188,12,1.2239,0.3515
Hypos_Neg_11,Hypostomus_plecostomus,Negro,Negro,slow,383.31238673358496,1,0.0014,0.0942
Hypos_Neg_11,Hypostomus_plecostomus,Negro,Negro,slow,365.54940983592576,2,0.1162,0.4478
Hypos_Neg_11,Hypostomus_plecostomus,Negro,Negro,slow,304.41246302247714,3,0.1704,0.6379
Hypos_Neg_11,Hypostomus_plecostomus,Negro,Negro,slow,350.5776706346236,4,0.2436,0.6267
Hypos_Neg_11,Hypostomus_plecostomus,Negro,Negro,slow,377.4541602727693,5,0.3511,0.6985
Hypos_Neg_11,Hypostomus_plecostomus,Negro,Negro,slow,305.2218201719657,6,0.3686,0.3493
Hypos_Neg_11,Hypostomus_plecostomus,Negro,Negro,slow,287.5036693956489,7,0.554,0.7523
Hypos_Neg_11,Hypostomus_plecostomus,Negro,Negro,slow,394.52799614958974,8,0.6383,0.2775
Hypos_Neg_11,Hypostomus_plecostomus,Negro,Negro,slow,281.18310091496016,9,0.9067,0.6217
Hypos_Neg_11,Hypostomus_plecostomus,Negro,Negro,slow,346.4131171578447,10,0.8702,0.4132
Hypos_Neg_11,Hypostomus_plecostomus,Negro,Negro,slow,301.8404036098354,11,1.1856,0.6244
Hypos_Neg_11,Hypostomus_plecostomus,Negro,Negro,slow,280.4125748242985,12,1.1824,0.3813
Hypos_Neg_12,Hypostomus_plecostomus,Negro,Negro,slow,307.83548938194764,1,-0.0152,0.0835
Hypos_Neg_12,Hypostomus_plecostomus,Negro,Negro,slow,381.93519945373123,2,0.1092,0.4682
Hypos_Neg_12,Hypostomus_plecostomus,Negro,Negro,slow,299.97973088597735,3,0.1532,0.6274
Hypos_Neg_12,Hypostomus_plecostomus,Negro,Negro,slow,408.6026624515058,4,0.2407,0.6124
Hypos_Neg_12,Hypostomus_plecostomus,Negro,Negro,slow,275.6169396455582,5,0.3486,0.7128
Hypos_Neg_12,Hypostomus_plecostomus,Negro,Negro,slow,275.1470675014366,6,0.3625,0.3545
Hypos_Neg_12,Hypostomus_plecostomus,Negro,Negro,slow,421.3516645744091,7,0.5323,0.744
Hypos_Neg_12,Hypostomus_plecostomus,Negro,Negro,slow,342.7189681697075,8,0.6678,0.2737
Hypos_Neg_12,Hypostomus_plecostomus,Negro,Negro,slow,336.81531872799167,9,0.8828,0.6346
Hypos_Neg_12,Hypostomus_plecostomus,Negro,Negro,slow,322.0277145880703,10,0.8895,0.4248
Hypos_Neg_12,Hypostomus_plecostomus,Negro,Negro,slow,331.5845329538999,11,1.2028,0.6393
Hypos_Neg_12,Hypostomus_plecostomus,Negro,Negro,slow,403.4375681777774,12,1.176,0.356
Tripo_Tap_01,Triportheus_angulatus,Tapajos,Tapajos,fast,166.90609335827784,1,0.0025,0.8031
Tripo_Tap_01,Triportheus_angulatus,Tapajos,Tapajos,fast,208.33826713934755,2,0.0935,0.4702
Tripo_Tap_01,Triportheus_angulatus,Tapajos,Tapajos,fast,169.04740788218754,3,0.1112,0.6291
Tripo_Tap_01,Triportheus_angulatus,Tapajos,Tapajos,fast,137.67471671513482,4,0.1786,0.6136
Tripo_Tap_01,Triportheus_angulatus,Tapajos,Tapajos,fast,199.16682528232354,5,0.2813,0.9161
Tripo_Tap_01,Triportheus_angulatus,Tapajos,Tapajos,fast,167.688403701948,6,0.2776,0.2082
Tripo_Tap_01,Triportheus_angulatus,Tapajos,Tapajos,fast,161.7491196671491,7,0.4865,1.0381
Tripo_Tap_01,Triportheus_angulatus,Tapajos,Tapajos,fast,160.56959464756443,8,0.5574,0.0373
Tripo_Tap_01,Triportheus_angulatus,Tapajos,Tapajos,fast,176.10024322666857,9,0.7622,0.621
Tripo_Tap_01,Triportheus_angulatus,Tapajos,Tapajos,fast,181.36407114301463,10,0.7429,0.4274
Tripo_Tap_01,Triportheus_angulatus,Tapajos,Tapajos,fast,144.443673034359,11,1.0017,0.8697
Tripo_Tap_01,Triportheus_angulatus,Tapajos,Tapajos,fast,200.23187181526268,12,0.9945,0.1376
Tripo_Tap_02,Triportheus_angulatus,Tapajos,Tapajos,fast,177.96504232002138,1,0.0074,0.8067
Tripo_Tap_02,Triportheus_angulatus,Tapajos,Tapajos,fast,187.07690403900898,2,0.1203,0.4739
Tripo_Tap_02,Triportheus_angulatus,Tapajos,Tapajos,fast,158.61837788298624,3,0.1282,0.6262
Tripo_Tap_02,Triportheus_angulatus,Tapajos,Tapajos,fast,165.60911624973045,4,0.1866,0.6236
Tripo_Tap_02,Triportheus_angulatus,Tapajos,Tapajos,fast,144.60571635783086,5,0.2839,0.9035
Tripo_Tap_02,Triportheus_angulatus,Tapajos,Tapajos,fast,170.6728667111166,6,0.2768,0.204
Tripo_Tap_02,Triportheus_angulatus,Tapajos,Tapajos,fast,147.6327178039927,7,0.4588,1.0302
Tripo_Tap_02,Triportheus_angulatus,Tapajos,Tapajos,fast,174.73336937032263,8,0.5685,0.0279
Tripo_Tap_02,Triportheus_angulatus,Tapajos,Tapajos,fast,192.72677610367577,9,0.7507,0.6
Tripo_Tap_02,Triportheus_angulatus,Tapajos,Tapajos,fast,200.00410464226758,10,0.7569,0.3956
Tripo_Tap_02,Triportheus_angulatus,Tapajos,Tapajos,fast,207.78619888709488,11,0.998,0.8508
Tripo_Tap_02,Triportheus_angulatus,Tapajos,Tapajos,fast,170.32204940262227,12,0.9664,0.1391
Tripo_Tap_03,Triportheus_angulatus,Tapajos,Tapajos,fast,151.42235810817567,1,0.0065,0.8143
Tripo_Tap_03,Triportheus_angulatus,Tapajos,Tapajos,fast,185.9524950355887,2,0.0766,0.4681
Tripo_Tap_03,Triportheus_angulatus,Tapajos,Tapajos,fast,145.51824463239305,3,0.1057,0.6184
Tripo_Tap_03,Triportheus_angulatus,Tapajos,Tapajos,fast,149.76813708081164,4,0.1735,0.6441
Tripo_Tap_03,Triportheus_angulatus,Tapajos,Tapajos,fast,195.78213675156206,5,0.2507,0.918
Tripo_Tap_03,Triportheus_angulatus,Tapajos,Tapajos,fast,206.22896144944704,6,0.2545,0.2068
Tripo_Tap_03,Triportheus_angulatus,Tapajos,Tapajos,fast,189.74195164260718,7,0.4267,1.0248
Tripo_Tap_03,Triportheus_angulatus,Tapajos,Tapajos,fast,148.23601758228045,8,0.5288,0.042
Tripo_Tap_03,Triportheus_angulatus,Tapajos,Tapajos,fast,182.42733133198666,9,0.6942,0.6028
Tripo_Tap_03,Triportheus_angulatus,Tapajos,Tapajos,fast,185.452226044883,10,0.712,0.432
Tripo_Tap_03,Triportheus_angulatus,Tapajos,Tapajos,fast,190.12178219588392,11,0.9337,0.8435
Tripo_Tap_03,Triportheus_angulatus,Tapajos,Tapajos,fast,157.21017100806216,12,0.9341,0.1617
Tripo_Tap_04,Triportheus_angulatus,Tapajos,Tapajos,fast,177.86303331092202,1,0.0167,0.8061
Tripo_Tap_04,Triportheus_angulatus,Tapajos,Tapajos,fast,185.41062389603314,2,0.1266,0.4546
Tripo_Tap_04,Triportheus_angulatus,Tapajos,Tapajos,fast,187.57203109771112,3,0.1432,0.6325
Tripo_Tap_04,Triportheus_angulatus,Tapajos,Tapajos,fast,163.54259038771178,4,0.2104,0.6296
Tripo_Tap_04,Triportheus_angulatus,Tapajos,Tapajos,fast,187.43117426566818,5,0.2815,0.8995
Tripo_Tap_04,Triportheus_angulatus,Tapajos,Tapajos,fast,171.06328583385977,6,0.3313,0.2126
Tripo_Tap_04,Triportheus_angulatus,Tapajos,Tapajos,fast,183.2703770539823,7,0.5154,1.0021
Tripo_Tap_04,Triportheus_angulatus,Tapajos,Tapajos,fast,185.35665675181838,8,0.6186,0.0236
Tripo_Tap_04,Triportheus_angulatus,Tapajos,Tapajos,fast,168.64888388783828,9,0.8242,0.6234
Tripo_Tap_04,Triportheus_angulatus,Tapajos,Tapajos,fast,158.81507344591958,10,0.8375,0.4216
Tripo_Tap_04,Triportheus_angulatus,Tapajos,Tapajos,fast,202.4591909695513,11,1.0863,0.8741
Tripo_Tap_04,Triportheus_angulatus,Tapajos,Tapajos,fast,162.5137670482918,12,1.0733,0.1631
Tripo_Tap_05,Triportheus_angulatus,Tapajos,Tapajos,fast,170.46198065132157,1,-0.0089,0.8111
Tripo_Tap_05,Triportheus_angulatus,Tapajos,Tapajos,fast,182.12428464117193,2,0.0902,0.4568
Tripo_Tap_05,Triportheus_angulatus,Tapajos,Tapajos,fast,142.96707901436383,3,0.1479,0.6298
Tripo_Tap_05,Triportheus_angulatus,Tapajos,Tapajos,fast,174.61400097901574,4,0.222,0.6522
Tripo_Tap_05,Triportheus_angulatus,Tapajos,Tapajos,fast,195.36310422390437,5,0.2832,0.9078
Tripo_Tap_05,Triportheus_angulatus,Tapajos,Tapajos,fast,207.73999769713055,6,0.3175,0.2025
Tripo_Tap_05,Triportheus_angulatus,Tapajos,Tapajos,fast,171.90752779670788,7,0.482,0.9941
Tripo_Tap_05,Triportheus_angulatus,Tapajos,Tapajos,fast,148.70318945825878,8,0.5797,0.0504
Tripo_Tap_05,Triportheus_angulatus,Tapajos,Tapajos,fast,188.13927516106094,9,0.7822,0.6196
Tripo_Tap_05,Triportheus_angulatus,Tapajos,Tapajos,fast,186.20725008610648,10,0.7664,0.426
Tripo_Tap_05,Triportheus_angulatus,Tapajos,Tapajos,fast,167.93217631655253,11,1.0257,0.8534
Tripo_Tap_05,Triportheus_angulatus,Tapajos,Tapajos,fast,155.65907506834958,12,1.035,0.1358
Tripo_Tap_06,Triportheus_angulatus,Tapajos,Tapajos,fast,167.28686073373854,1,-0.0048,0.7963
Tripo_Tap_06,Triportheus_angulatus,Tapajos,Tapajos,fast,162.27201710937106,2,0.1099,0.4557
Tripo_Tap_06,Triportheus_angulatus,Tapajos,Tapajos,fast,173.0416406079439,3,0.1326,0.6313
Tripo_Tap_06,Triportheus_angulatus,Tapajos,Tapajos,fast,205.8405725618043,4,0.2007,0.6102
Tripo_Tap_06,Triportheus_angulatus,Tapajos,Tapajos,fast,156.89098227452638,5,0.2846,0.9041
Tripo_Tap_06,Triportheus_angulatus,Tapajos,Tapajos,fast,175.20340346075596,6,0.2927,0.2206
Tripo_Tap_06,Triportheus_angulatus,Tapajos,Tapajos,fast,171.56028252108553,7,0.5192,1.0171
Tripo_Tap_06,Triportheus_angulatus,Tapajos,Tapajos,fast,176.59555200742813,8,0.6167,0.0348
Tripo_Tap_06,Triportheus_angulatus,Tapajos,Tapajos,fast,185.27275694391304,9,0.8136,0.6301
Tripo_Tap_06,Triportheus_angulatus,Tapajos,Tapajos,fast,138.48458982641785,10,0.8453,0.4187
Tripo_Tap_06,Triportheus_angulatus,Tapajos,Tapajos,fast,191.4506028422033,11,1.0695,0.8258
Tripo_Tap_06,Triportheus_angulatus,Tapajos,Tapajos,fast,147.73883602238936,12,1.0673,0.1238
Tripo_Tap_07,Triportheus_angulatus,Tapajos,Tapajos,fast,159.51677968084098,1,-0.0005,0.7926
Tripo_Tap_07,Triportheus_angulatus,Tapajos,Tapajos,fast,154.30438869662666,2,0.0902,0.4509
Tripo_Tap_07,Triportheus_angulatus,Tapajos,Tapajos,fast,166.8818428850399,3,0.1276,0.6314
Tripo_Tap_07,Triportheus_angulatus,Tapajos,Tapajos,fast,155.4357747016962,4,0.1876,0.6355
Tripo_Tap_07,Triportheus_angulatus,Tapajos,Tapajos,fast,172.98234988844763,5,0.2752,0.9184
Tripo_Tap_07,Triportheus_angulatus,Tapajos,Tapajos,fast,174.3292248764827,6,0.2872,0.2107
Tripo_Tap_07,Triportheus_angulatus,Tapajos,Tapajos,fast,151.4563739604223,7,0.451,1.0349
Tripo_Tap_07,Triportheus_angulatus,Tapajos,Tapajos,fast,200.9210809397615,8,0.5543,0.0129
Tripo_Tap_07,Triportheus_angulatus,Tapajos,Tapajos,fast,184.86575446508175,9,0.7266,0.6283
Tripo_Tap_07,Triportheus_angulatus,Tapajos,Tapajos,fast,167.48460015913275,10,0.7478,0.4483
Tripo_Tap_07,Triportheus_angulatus,Tapajos,Tapajos,fast,176.43749614488786,11,0.9745,0.8783
Tripo_Tap_07,Triportheus_angulatus,Tapajos,Tapajos,fast,197.25463862301424,12,0.9995,0.1468
Tripo_Tap_08,Triportheus_angulatus,Tapajos,Tapajos,fast,186.83531461354053,1,0.0006,0.8105
Tripo_Tap_08,Triportheus_angulatus,Tapajos,Tapajos,fast,195.3647733567479,2,0.1107,0.4618
Tripo_Tap_08,Triportheus_angulatus,Tapajos,Tapajos,fast,145.02914742832291,3,0.1061,0.622
Tripo_Tap_08,Triportheus_angulatus,Tapajos,Tapajos,fast,145.26227742335809,4,0.2154,0.6463
Tripo_Tap_08,Triportheus_angulatus,Tapajos,Tapajos,fast,186.49330609521922,5,0.2871,0.9228
Tripo_Tap_08,Triportheus_angulatus,Tapajos,Tapajos,fast,145.3459315784502,6,0.2858,0.2021
Tripo_Tap_08,Triportheus_angulatus,Tapajos,Tapajos,fast,175.85705042813433,7,0.5007,1.008
Tripo_Tap_08,Triportheus_angulatus,Tapajos,Tapajos,fast,175.15102273980872,8,0.601,0.0293
Tripo_Tap_08,Triportheus_angulatus,Tapajos,Tapajos,fast,193.1766302039033,9,0.8048,0.63
Tripo_Tap_08,Triportheus_angulatus,Tapajos,Tapajos,fast,163.20824835299402,10,0.836,0.4319
Tripo_Tap_08,Triportheus_angulatus,Tapajos,Tapajos,fast,159.24752295912532,11,1.0579,0.8477
Tripo_Tap_08,Triportheus_angulatus,Tapajos,Tapajos,fast,183.12843005081947,12,1.0846,0.1347
Tripo_Tap_09,Triportheus_angulatus,Tapajos,Tapajos,fast,139.82153770566168,1,-0.0142,0.7987
Tripo_Tap_09,Triportheus_angulatus,Tapajos,Tapajos,fast,179.90293273455381,2,0.0999,0.4338
Tripo_Tap_09,Triportheus_angulatus,Tapajos,Tapajos,fast,152.11929949260283,3,0.1182,0.6133
Tripo_Tap_09,Triportheus_angulatus,Tapajos,Tapajos,fast,205.32284687923362,4,0.2054,0.6341
Tripo_Tap_09,Triportheus_angulatus,Tapajos,Tapajos,fast,170.1289025431672,5,0.2929,0.8903
Tripo_Tap_09,Triportheus_angulatus,Tapajos,Tapajos,fast,166.18251880924703,6,0.3134,0.2225
Tripo_Tap_09,Triportheus_angulatus,Tapajos,Tapajos,fast,201.42008485761738,7,0.4851,1.004
Tripo_Tap_09,Triportheus_angulatus,Tapajos,Tapajos,fast,174.52681664233376,8,0.5801,0.0383
Tripo_Tap_09,Triportheus_angulatus,Tapajos,Tapajos,fast,153.10219303829354,9,0.795,0.6206
Tripo_Tap_09,Triportheus_angulatus,Tapajos,Tapajos,fast,176.72180692676875,10,0.798,0.4424
Tripo_Tap_09,Triportheus_angulatus,Tapajos,Tapajos,fast,169.32831870969832,11,1.0295,0.8825
Tripo_Tap_09,Triportheus_angulatus,Tapajos,Tapajos,fast,169.03155940220117,12,1.0517,0.1378
Tripo_Tap_10,Triportheus_angulatus,Tapajos,Tapajos,fast,159.5290195547222,1,0.0061,0.7991
Tripo_Tap_10,Triportheus_angulatus,Tapajos,Tapajos,fast,187.44103110420994,2,0.0763,0.4355
Tripo_Tap_10,Triportheus_angulatus,Tapajos,Tapajos,fast,201.64350923769803,3,0.1175,0.6251
Tripo_Tap_10,Triportheus_angulatus,Tapajos,Tapajos,fast,185.85339959327342,4,0.1706,0.6068
Tripo_Tap_10,Triportheus_angulatus,Tapajos,Tapajos,fast,144.15057547893775,5,0.2715,0.9197
Tripo_Tap_10,Triportheus_angulatus,Tapajos,Tapajos,fast,203.00007966314806,6,0.2507,0.2057
Tripo_Tap_10,Triportheus_angulatus,Tapajos,Tapajos,fast,192.92061968817902,7,0.4488,1.0034
Tripo_Tap_10,Triportheus_angulatus,Tapajos,Tapajos,fast,144.32895486850336,8,0.5251,0.0165
Tripo_Tap_10,Triportheus_angulatus,Tapajos,Tapajos,fast,170.57789597066932,9,0.6966,0.6159
Tripo_Tap_10,Triportheus_angulatus,Tapajos,Tapajos,fast,171.42451944693633,10,0.6785,0.4311
Tripo_Tap_10,Triportheus_angulatus,Tapajos,Tapajos,fast,158.37938326106195,11,0.9276,0.8789
Tripo_Tap_10,Triportheus_angulatus,Tapajos,Tapajos,fast,201.22921942469907,12,0.9029,0.16
Tripo_Tap_11,Triportheus_angulatus,Tapajos,Tapajos,fast,204.645716648995,1,-0.0069,0.785
Tripo_Tap_11,Triportheus_angulatus,Tapajos,Tapajos,fast,202.7016228713166,2,0.1104,0.4348
Tripo_Tap_11,Triportheus_angulatus,Tapajos,Tapajos,fast,206.66944410360327,3,0.1184,0.6253
Tripo_Tap_11,Triportheus_angulatus,Tapajos,Tapajos,fast,160.9203187824761,4,0.1806,0.6366
Tripo_Tap_11,Triportheus_angulatus,Tapajos,Tapajos,fast,205.76273360968452,5,0.2766,0.8974
Tripo_Tap_11,Triportheus_angulatus,Tapajos,Tapajos,fast,154.96678954124656,6,0.2743,0.2039
Tripo_Tap_11,Triportheus_angulatus,Tapajos,Tapajos,fast,152.47209341427487,7,0.4707,1.0156
Tripo_Tap_11,Triportheus_angulatus,Tapajos,Tapajos,fast,202.51264468626948,8,0.535,0.0269
Tripo_Tap_11,Triportheus_angulatus,Tapajos,Tapajos,fast,182.1380839107411,9,0.7096,0.6274
Tripo_Tap_11,Triportheus_angulatus,Tapajos,Tapajos,fast,176.53960092245853,10,0.7106,0.4122
Tripo_Tap_11,Triportheus_angulatus,Tapajos,Tapajos,fast,193.40899025533548,11,0.9305,0.8685
Tripo_Tap_11,Triportheus_angulatus,Tapajos,Tapajos,fast,169.9844158005444,12,0.9378,0.136
Tripo_Tap_12,Triportheus_angulatus,Tapajos,Tapajos,fast,212.34799425581724,1,-0.0193,0.7929
Tripo_Tap_12,Triportheus_angulatus,Tapajos,Tapajos,fast,138.50871750214876,2,0.083,0.4425
Tripo_Tap_12,Triportheus_angulatus,Tapajos,Tapajos,fast,188.0143415823339,3,0.0978,0.6479
Tripo_Tap_12,Triportheus_angulatus,Tapajos,Tapajos,fast,201.99507074178658,4,0.2065,0.6498
Tripo_Tap_12,Triportheus_angulatus,Tapajos,Tapajos,fast,168.0664052585114,5,0.2677,0.9128
Tripo_Tap_12,Triportheus_angulatus,Tapajos,Tapajos,fast,201.7064604867812,6,0.2803,0.2167
Tripo_Tap_12,Triportheus_angulatus,Tapajos,Tapajos,fast,154.1921115293959,7,0.4728,1.035
Tripo_Tap_12,Triportheus_angulatus,Tapajos,Tapajos,fast,157.02639060768757,8,0.5499,0.0073
Tripo_Tap_12,Triportheus_angulatus,Tapajos,Tapajos,fast,178.62835645646985,9,0.7277,0.6194
Tripo_Tap_12,Triportheus_angulatus,Tapajos,Tapajos,fast,153.54224000383073,10,0.7608,0.4146
Tripo_Tap_12,Triportheus_angulatus,Tapajos,Tapajos,fast,208.0850442022791,11,0.9646,0.8547
Tripo_Tap_12,Triportheus_angulatus,Tapajos,Tapajos,fast,205.22943136358307,12,0.9643,0.1406
Tripo_Xin_01,Triportheus_angulatus,Xingu,Xingu,fast,140.9305489187439,1,0.0109,0.8063
Tripo_Xin_01,Triportheus_angulatus,Xingu,Xingu,fast,142.9195660572246,2,0.1047,0.4437
Tripo_Xin_01,Triportheus_angulatus,Xingu,Xingu,fast,148.53109768411582,3,0.1068,0.6473
Tripo_Xin_01,Triportheus_angulatus,Xingu,Xingu,fast,147.2718106229312,4,0.1833,0.6376
Tripo_Xin_01,Triportheus_angulatus,Xingu,Xingu,fast,139.7443254413776,5,0.285,0.9093
Tripo_Xin_01,Triportheus_angulatus,Xingu,Xingu,fast,194.50226476837557,6,0.282,0.2024
Tripo_Xin_01,Triportheus_angulatus,Xingu,Xingu,fast,194.14634024573456,7,0.4877,1.0058
Tripo_Xin_01,Triportheus_angulatus,Xingu,Xingu,fast,195.58160315338017,8,0.6006,0.037
Tripo_Xin_01,Triportheus_angulatus,Xingu,Xingu,fast,154.3980749104725,9,0.7796,0.6283
Tripo_Xin_01,Triportheus_angulatus,Xingu,Xingu,fast,203.69188798001116,10,0.7705,0.4304
Tripo_Xin_01,Triportheus_angulatus,Xingu,Xingu,fast,188.33121156578798,11,1.0528,0.8513
Tripo_Xin_01,Triportheus_angulatus,Xingu,Xingu,fast,147.18661940534722,12,1.0233,0.1517
Tripo_Xin_02,Triportheus_angulatus,Xingu,Xingu,fast,159.16238466685388,1,0.0076,0.8188
Tripo_Xin_02,Triportheus_angulatus,Xingu,Xingu,fast,190.99895654173991,2,0.0664,0.4456
Tripo_Xin_02,Triportheus_angulatus,Xingu,Xingu,fast,146.03209715400163,3,0.1295,0.6261
Tripo_Xin_02,Triportheus_angulatus,Xingu,Xingu,fast,161.84533106366985,4,0.1723,0.6308
Tripo_Xin_02,Triportheus_angulatus,Xingu,Xingu,fast,138.24330229696116,5,0.2581,0.9042
Tripo_Xin_02,Triportheus_angulatus,Xingu,Xingu,fast,168.8575553261067,6,0.2772,0.2387
Tripo_Xin_02,Triportheus_angulatus,Xingu,Xingu,fast,199.34617249039212,7,0.4316,1.0178
Tripo_Xin_02,Triportheus_angulatus,Xingu,Xingu,fast,144.16585904736806,8,0.5167,0.0542
Tripo_Xin_02,Triportheus_angulatus,Xingu,Xingu,fast,200.102118746545,9,0.7032,0.5843
Tripo_Xin_02,Triportheus_angulatus,Xingu,Xingu,fast,157.37185401744216,10,0.7119,0.4142
Tripo_Xin_02,Triportheus_angulatus,Xingu,Xingu,fast,197.99947977434903,11,0.9254,0.8618
Tripo_Xin_02,Triportheus_angulatus,Xingu,Xingu,fast,187.46892422099603,12,0.911,0.1218
Tripo_Xin_03,Triportheus_angulatus,Xingu,Xingu,fast,160.0216429008313,1,0.005,0.8012
Tripo_Xin_03,Triportheus_angulatus,Xingu,Xingu,fast,189.87536290933735,2,0.0956,0.4302
Tripo_Xin_03,Triportheus_angulatus,Xingu,Xingu,fast,159.93410478405497,3,0.1313,0.62
Tripo_Xin_03,Triportheus_angulatus,Xingu,Xingu,fast,152.8138995616407,4,0.1956,0.6298
Tripo_Xin_03,Triportheus_angulatus,Xingu,Xingu,fast,154.97973196211416,5,0.2971,0.923
Tripo_Xin_03,Triportheus_angulatus,Xingu,Xingu,fast,170.42058706186208,6,0.3111,0.1908
Tripo_Xin_03,Triportheus_angulatus,Xingu,Xingu,fast,204.6136738652296,7,0.4897,0.9863
Tripo_Xin_03,Triportheus_angulatus,Xingu,Xingu,fast,175.54296665292097,8,0.606,0.0133
Tripo_Xin_03,Triportheus_angulatus,Xingu,Xingu,fast,206.79149976199778,9,0.7985,0.609
Tripo_Xin_03,Triportheus_angulatus,Xingu,Xingu,fast,146.89848922917722,10,0.7945,0.4236
Tripo_Xin_03,Triportheus_angulatus,Xingu,Xingu,fast,139.41119323341434,11,1.0213,0.8417
Tripo_Xin_03,Triportheus_angulatus,Xingu,Xingu,fast,199.1031663079713,12,1.0348,0.1512
Tripo_Xin_04,Triportheus_angulatus,Xingu,Xingu,fast,186.3462843746174,1,-0.0075,0.7961
Tripo_Xin_04,Triportheus_angulatus,Xingu,Xingu,fast,174.40079327690196,2,0.0892,0.4555
Tripo_Xin_04,Triportheus_angulatus,Xingu,Xingu,fast,155.06310033595977,3,0.1053,0.6088
Tripo_Xin_04,Triportheus_angulatus,Xingu,Xingu,fast,188.44272402526366,4,0.1741,0.6321
Tripo_Xin_04,Triportheus_angulatus,Xingu,Xingu,fast,206.3837852686338,5,0.2565,0.9293
Tripo_Xin_04,Triportheus_angulatus,Xingu,Xingu,fast,151.10994442847561,6,0.2328,0.1866
Tripo_Xin_04,Triportheus_angulatus,Xingu,Xingu,fast,193.88981768308665,7,0.4425,1.0126
Tripo_Xin_04,Triportheus_angulatus,Xingu,Xingu,fast,137.70707690482172,8,0.5171,0.025
Tripo_Xin_04,Triportheus_angulatus,Xingu,Xingu,fast,189.95788376300402,9,0.7029,0.6336
Tripo_Xin_04,Triportheus_angulatus,Xingu,Xingu,fast,202.73902864276334,10,0.7022,0.4142
Tripo_Xin_04,Triportheus_angulatus,Xingu,Xingu,fast,179.16698806539048,11,0.9292,0.8633
Tripo_Xin_04,Triportheus_angulatus,Xingu,Xingu,fast,166.4358922124801,12,0.9285,0.1077
Tripo_Xin_05,Triportheus_angulatus,Xingu,Xingu,fast,160.79046695419296,1,0.0041,0.7959
Tripo_Xin_05,Triportheus_angulatus,Xingu,Xingu,fast,195.31703120586923,2,0.1035,0.4558
Tripo_Xin_05,Triportheus_angulatus,Xingu,Xingu,fast,188.7294073085232,3,0.134,0.6242
Tripo_Xin_05,Triportheus_angulatus,Xingu,Xingu,fast,199.78179041687656,4,0.1848,0.6231
Tripo_Xin_05,Triportheus_angulatus,Xingu,Xingu,fast,211.50137412640223,5,0.2607,0.9097
Tripo_Xin_05,Triportheus_angulatus,Xingu,Xingu,fast,153.05357711218005,6,0.3006,0.2073
Tripo_Xin_05,Triportheus_angulatus,Xingu,Xingu,fast,146.2805443222902,7,0.5117,1.0294
Tripo_Xin_05,Triportheus_angulatus,Xingu,Xingu,fast,166.97082307162762,8,0.607,0.0362
Tripo_Xin_05,Triportheus_angulatus,Xingu,Xingu,fast,155.65531957370538,9,0.8099,0.6238
Tripo_Xin_05,Triportheus_angulatus,Xingu,Xingu,fast,148.8576259565701,10,0.8051,0.4283
Tripo_Xin_05,Triportheus_angulatus,Xingu,Xingu,fast,202.88295322344882,11,1.0463,0.8576
Tripo_Xin_05,Triportheus_angulatus,Xingu,Xingu,fast,168.47737663194917,12,1.0341,0.1518
Tripo_Xin_06,Triportheus_angulatus,Xingu,Xingu,fast,169.98086969244994,1,-0.0105,0.8033
Tripo_Xin_06,Triportheus_angulatus,Xingu,Xingu,fast,140.14121173679905,2,0.1119,0.4459
Tripo_Xin_06,Triportheus_angulatus,Xingu,Xingu,fast,168.2539058522386,3,0.1318,0.634
Tripo_Xin_06,Triportheus_angulatus,Xingu,Xingu,fast,175.42378354488153,4,0.2035,0.6296
Tripo_Xin_06,Triportheus_angulatus,Xingu,Xingu,fast,143.20002585930277,5,0.2995,0.9199
Tripo_Xin_06,Triportheus_angulatus,Xingu,Xingu,fast,152.3385566186139,6,0.2836,0.212
Tripo_Xin_06,Triportheus_angulatus,Xingu,Xingu,fast,164.01494133312417,7,0.5011,1.028
Tripo_Xin_06,Triportheus_angulatus,Xingu,Xingu,fast,167.30248720260445,8,0.6113,0.0189
Tripo_Xin_06,Triportheus_angulatus,Xingu,Xingu,fast,141.64451633455576,9,0.8021,0.6297
Tripo_Xin_06,Triportheus_angulatus,Xingu,Xingu,fast,177.97951338247367,10,0.8044,0.4268
Tripo_Xin_06,Triportheus_angulatus,Xingu,Xingu,fast,174.73780641876817,11,1.0587,0.8506
Tripo_Xin_06,Triportheus_angulatus,Xingu,Xingu,fast,146.72016566722215,12,1.0476,0.1426
Tripo_Xin_07,Triportheus_angulatus,Xingu,Xingu,fast,175.80539448334181,1,0.009,0.7931
Tripo_Xin_07,Triportheus_angulatus,Xingu,Xingu,fast,181.5837208484565,2,0.1166,0.4553
Tripo_Xin_07,Triportheus_angulatus,Xingu,Xingu,fast,203.12465207398412,3,0.121,0.6229
Tripo_Xin_07,Triportheus_angulatus,Xingu,Xingu,fast,170.63608861790254,4,0.2046,0.6292
Tripo_Xin_07,Triportheus_angulatus,Xingu,Xingu,fast,160.19222315497524,5,0.3091,0.9041
Tripo_Xin_07,Triportheus_angulatus,Xingu,Xingu,fast,152.87006166791232,6,0.2976,0.2141
Tripo_Xin_07,Triportheus_angulatus,Xingu,Xingu,fast,160.24268511213208,7,0.5292,1.0053
Tripo_Xin_07,Triportheus_angulatus,Xingu,Xingu,fast,182.01300519321353,8,0.6088,0.0191
Tripo_Xin_07,Triportheus_angulatus,Xingu,Xingu,fast,144.80331578724906,9,0.8391,0.6225
Tripo_Xin_07,Triportheus_angulatus,Xingu,Xingu,fast,159.65190852366507,10,0.8362,0.4152
Tripo_Xin_07,Triportheus_angulatus,Xingu,Xingu,fast,140.95736696621418,11,1.0496,0.863
Tripo_Xin_07,Triportheus_angulatus,Xingu,Xingu,fast,197.1953997377244,12,1.072,0.1303
Tripo_Xin_08,Triportheus_angulatus,Xingu,Xingu,fast,175.73308992886294,1,0.0114,0.7893
Tripo_Xin_08,Triportheus_angulatus,Xingu,Xingu,fast,197.54965736758206,2,0.0849,0.4264
Tripo_Xin_08,Triportheus_angulatus,Xingu,Xingu,fast,204.59818272507218,3,0.1084,0.6281
Tripo_Xin_08,Triportheus_angulatus,Xingu,Xingu,fast,145.3393441959873,4,0.1701,0.6304
Tripo_Xin_08,Triportheus_angulatus,Xingu,Xingu,fast,142.3376314768924,5,0.2797,0.9041
Tripo_Xin_08,Triportheus_angulatus,Xingu,Xingu,fast,188.9179036711975,6,0.2561,0.2113
Tripo_Xin_08,Triportheus_angulatus,Xingu,Xingu,fast,147.6758931617613,7,0.4693,1.0152
Tripo_Xin_08,Triportheus_angulatus,Xingu,Xingu,fast,169.2645364509865,8,0.5624,0.0274
Tripo_Xin_08,Triportheus_angulatus,Xingu,Xingu,fast,208.68467133542168,9,0.734,0.6213
Tripo_Xin_08,Triportheus_angulatus,Xingu,Xingu,fast,158.989684416765,10,0.7169,0.434
Tripo_Xin_08,Triportheus_angulatus,Xingu,Xingu,fast,182.77551933078604,11,0.9479,0.8495
Tripo_Xin_08,Triportheus_angulatus,Xingu,Xingu,fast,198.8042243952037,12,0.947,0.1432
Tripo_Xin_09,Triportheus_angulatus,Xingu,Xingu,fast,140.69683834343775,1,-0.0147,0.8015
Tripo_Xin_09,Triportheus_angulatus,Xingu,Xingu,fast,154.52863676625117,2,0.0838,0.4584
Tripo_Xin_09,Triportheus_angulatus,Xingu,Xingu,fast,198.1497433122595,3,0.1084,0.6174
Tripo_Xin_09,Triportheus_angulatus,Xingu,Xingu,fast,153.58039764350838,4,0.1903,0.6379
Tripo_Xin_09,Triportheus_angulatus,Xingu,Xingu,fast,153.40284425439694,5,0.2703,0.9117
Tripo_Xin_09,Triportheus_angulatus,Xingu,Xingu,fast,159.07846241921018,6,0.2818,0.2287
Tripo_Xin_09,Triportheus_angulatus,Xingu,Xingu,fast,182.42295611277652,7,0.4538,1.0114
Tripo_Xin_09,Triportheus_angulatus,Xingu,Xingu,fast,153.86620653920218,8,0.5537,0.0193
Tripo_Xin_09,Triportheus_angulatus,Xingu,Xingu,fast,209.89839448783238,9,0.711,0.6088
Tripo_Xin_09,Triportheus_angulatus,Xingu,Xingu,fast,169.93614887516344,10,0.7318,0.4298
Tripo_Xin_09,Triportheus_angulatus,Xingu,Xingu,fast,159.35802783401593,11,0.9538,0.8732
Tripo_Xin_09,Triportheus_angulatus,Xingu,Xingu,fast,142.01668267644192,12,0.9623,0.1448
Tripo_Xin_10,Triportheus_angulatus,Xingu,Xingu,fast,178.74788637716557,1,0.0035,0.7926
Tripo_Xin_10,Triportheus_angulatus,Xingu,Xingu,fast,187.99380825849298,2,0.0776,0.4508
Tripo_Xin_10,Triportheus_angulatus,Xingu,Xingu,fast,208.07640945151923,3,0.1194,0.6278
Tripo_Xin_10,Triportheus_angulatus,Xingu,Xingu,fast,202.99005156372996,4,0.2087,0.632
Tripo_Xin_10,Triportheus_angulatus,Xingu,Xingu,fast,205.744755016378,5,0.293,0.9123
Tripo_Xin_10,Triportheus_angulatus,Xingu,Xingu,fast,188.74115329440025,6,0.2901,0.2037
Tripo_Xin_10,Triportheus_angulatus,Xingu,Xingu,fast,191.16827319502082,7,0.495,0.9948
Tripo_Xin_10,Triportheus_angulatus,Xingu,Xingu,fast,152.1995570358016,8,0.6031,0.0221
Tripo_Xin_10,Triportheus_angulatus,Xingu,Xingu,fast,137.76566493315966,9,0.7904,0.619
Tripo_Xin_10,Triportheus_angulatus,Xingu,Xingu,fast,207.60802073488847,10,0.7807,0.4075
Tripo_Xin_10,Triportheus_angulatus,Xingu,Xingu,fast,166.59471068836834,11,1.0716,0.8537
Tripo_Xin_10,Triportheus_angulatus,Xingu,Xingu,fast,168.2024803362699,12,1.0323,0.1656
Tripo_Xin_11,Triportheus_angulatus,Xingu,Xingu,fast,156.74772917669563,1,0.004,0.8202
Tripo_Xin_11,Triportheus_angulatus,Xingu,Xingu,fast,162.03093575432192,2,0.0921,0.4547
Tripo_Xin_11,Triportheus_angulatus,Xingu,Xingu,fast,178.6467300276036,3,0.1288,0.6186
Tripo_Xin_11,Triportheus_angulatus,Xingu,Xingu,fast,151.57336063946852,4,0.1941,0.6502
Tripo_Xin_11,Triportheus_angulatus,Xingu,Xingu,fast,172.1220362660745,5,0.2967,0.9387
Tripo_Xin_11,Triportheus_angulatus,Xingu,Xingu,fast,197.54253936524864,6,0.2918,0.1969
Tripo_Xin_11,Triportheus_angulatus,Xingu,Xingu,fast,166.3295767159397,7,0.4791,1.0285
Tripo_Xin_11,Triportheus_angulatus,Xingu,Xingu,fast,199.84240240839944,8,0.5687,0.0169
Tripo_Xin_11,Triportheus_angulatus,Xingu,Xingu,fast,159.384348556407,9,0.7735,0.6228
Tripo_Xin_11,Triportheus_angulatus,Xingu,Xingu,fast,162.83814936411076,10,0.7676,0.4131
Tripo_Xin_11,Triportheus_angulatus,Xingu,Xingu,fast,191.0350936458103,11,1.0112,0.8453
Tripo_Xin_11,Triportheus_angulatus,Xingu,Xingu,fast,180.13364915057085,12,1.0071,0.1693
Tripo_Xin_12,Triportheus_angulatus,Xingu,Xingu,fast,183.7149014701065,1,0.0014,0.813
Tripo_Xin_12,Triportheus_angulatus,Xingu,Xingu,fast,174.00098936238493,2,0.1126,0.466
Tripo_Xin_12,Triportheus_angulatus,Xingu,Xingu,fast,181.26374751960287,3,0.1379,0.642
Tripo_Xin_12,Triportheus_angulatus,Xingu,Xingu,fast,199.74173531541595,4,0.2056,0.6406
Tripo_Xin_12,Triportheus_angulatus,Xingu,Xingu,fast,185.9455128967875,5,0.3064,0.9235
Tripo_Xin_12,Triportheus_angulatus,Xingu,Xingu,fast,208.4444823512139,6,0.3033,0.2335
Tripo_Xin_12,Triportheus_angulatus,Xingu,Xingu,fast,191.98769875391474,7,0.5133,1.0199
Tripo_Xin_12,Triportheus_angulatus,Xingu,Xingu,fast,198.55393800910238,8,0.6286,0.0148
Tripo_Xin_12,Triportheus_angulatus,Xingu,Xingu,fast,184.7303934726041,9,0.8143,0.6451
Tripo_Xin_12,Triportheus_angulatus,Xingu,Xingu,fast,200.77063483066016,10,0.8312,0.4139
Tripo_Xin_12,Triportheus_angulatus,Xingu,Xingu,fast,137.50492607203333,11,1.0696,0.8581
Tripo_Xin_12,Triportheus_angulatus,Xingu,Xingu,fast,149.31212896054913,12,1.0655,0.1642
Tripo_Toc_01,Triportheus_angulatus,Tocantins,Tocantins,slow,139.088879020011,1,0.0107,0.8273
Tripo_Toc_01,Triportheus_angulatus,Tocantins,Tocantins,slow,206.72455899072952,2,0.0973,0.4579
Tripo_Toc_01,Triportheus_angulatus,Tocantins,Tocantins,slow,138.56581823674333,3,0.1221,0.6128
Tripo_Toc_01,Triportheus_angulatus,Tocantins,Tocantins,slow,193.3303251587413,4,0.179,0.6154
Tripo_Toc_01,Triportheus_angulatus,Tocantins,Tocantins,slow,145.57825553119716,5,0.2892,0.8979
Tripo_Toc_01,Triportheus_angulatus,Tocantins,Tocantins,slow,203.53639814597759,6,0.2645,0.2088
Tripo_Toc_01,Triportheus_angulatus,Tocantins,Tocantins,slow,161.81621867231934,7,0.3977,1.0155
Tripo_Toc_01,Triportheus_angulatus,Tocantins,Tocantins,slow,185.01390937208248,8,0.497,0.0527
Tripo_Toc_01,Triportheus_angulatus,Tocantins,Tocantins,slow,208.21528746428524,9,0.6627,0.6379
Tripo_Toc_01,Triportheus_angulatus,Tocantins,Tocantins,slow,168.36689570080455,10,0.642,0.4379
Tripo_Toc_01,Triportheus_angulatus,Tocantins,Tocantins,slow,164.17192634052472,11,0.8812,0.7974
Tripo_Toc_01,Triportheus_angulatus,Tocantins,Tocantins,slow,184.98696879899256,12,0.8741,0.215
Tripo_Toc_02,Triportheus_angulatus,Tocantins,Tocantins,slow,191.38198640416272,1,0.0009,0.8198
Tripo_Toc_02,Triportheus_angulatus,Tocantins,Tocantins,slow,166.60052329673914,2,0.0853,0.4604
Tripo_Toc_02,Triportheus_angulatus,Tocantins,Tocantins,slow,164.20391768505252,3,0.1093,0.6269
Tripo_Toc_02,Triportheus_angulatus,Tocantins,Tocantins,slow,201.60786969477638,4,0.1701,0.6228
Tripo_Toc_02,Triportheus_angulatus,Tocantins,Tocantins,slow,156.36376688575467,5,0.2994,0.9202
Tripo_Toc_02,Triportheus_angulatus,Tocantins,Tocantins,slow,188.79549047388275,6,0.2712,0.1894
Tripo_Toc_02,Triportheus_angulatus,Tocantins,Tocantins,slow,144.32144052530074,7,0.4241,1.0256
Tripo_Toc_02,Triportheus_angulatus,Tocantins,Tocantins,slow,151.72040340695094,8,0.5148,0.0363
Tripo_Toc_02,Triportheus_angulatus,Tocantins,Tocantins,slow,198.18932549441473,9,0.7172,0.6216
Tripo_Toc_02,Triportheus_angulatus,Tocantins,Tocantins,slow,146.06893447796804,10,0.7182,0.4257
Tripo_Toc_02,Triportheus_angulatus,Tocantins,Tocantins,slow,158.3601223326451,11,0.9364,0.7938
Tripo_Toc_02,Triportheus_angulatus,Tocantins,Tocantins,slow,148.83593276757838,12,0.9427,0.2103
Tripo_Toc_03,Triportheus_angulatus,Tocantins,Tocantins,slow,145.60142908068593,1,0.0059,0.7999
Tripo_Toc_03,Triportheus_angulatus,Tocantins,Tocantins,slow,205.0500869054379,2,0.091,0.465
Tripo_Toc_03,Triportheus_angulatus,Tocantins,Tocantins,slow,183.43218742860472,3,0.1033,0.6165
Tripo_Toc_03,Triportheus_angulatus,Tocantins,Tocantins,slow,187.91076378527066,4,0.1771,0.6377
Tripo_Toc_03,Triportheus_angulatus,Tocantins,Tocantins,slow,151.56467354787273,5,0.2844,0.9131
Tripo_Toc_03,Triportheus_angulatus,Tocantins,Tocantins,slow,175.23125230556874,6,0.2751,0.1953
Tripo_Toc_03,Triportheus_angulatus,Tocantins,Tocantins,slow,187.41427561492304,7,0.4005,1.029
Tripo_Toc_03,Triportheus_angulatus,Tocantins,Tocantins,slow,194.54898342438983,8,0.4749,0.0183
Tripo_Toc_03,Triportheus_angulatus,Tocantins,Tocantins,slow,210.13506366957955,9,0.663,0.6273
Tripo_Toc_03,Triportheus_angulatus,Tocantins,Tocantins,slow,177.24320646668812,10,0.6692,0.4355
Tripo_Toc_03,Triportheus_angulatus,Tocantins,Tocantins,slow,179.2769369144525,11,0.8613,0.7984
Tripo_Toc_03,Triportheus_angulatus,Tocantins,Tocantins,slow,200.34047555906005,12,0.9034,0.2134
Tripo_Toc_04,Triportheus_angulatus,Tocantins,Tocantins,slow,197.29181073404615,1,-0.0236,0.807
Tripo_Toc_04,Triportheus_angulatus,Tocantins,Tocantins,slow,160.5271793796132,2,0.0998,0.4651
Tripo_Toc_04,Triportheus_angulatus,Tocantins,Tocantins,slow,149.407007802421,3,0.1065,0.6308
Tripo_Toc_04,Triportheus_angulatus,Tocantins,Tocantins,slow,207.03248286432708,4,0.1562,0.6091
Tripo_Toc_04,Triportheus_angulatus,Tocantins,Tocantins,slow,181.285625227182,5,0.2509,0.9206
Tripo_Toc_04,Triportheus_angulatus,Tocantins,Tocantins,slow,202.00428737726125,6,0.2537,0.2021
Tripo_Toc_04,Triportheus_angulatus,Tocantins,Tocantins,slow,141.29505900118852,7,0.3558,1.0233
Tripo_Toc_04,Triportheus_angulatus,Tocantins,Tocantins,slow,151.53144362725197,8,0.4684,0.05
Tripo_Toc_04,Triportheus_angulatus,Tocantins,Tocantins,slow,178.85205301191974,9,0.6363,0.6263
Tripo_Toc_04,Triportheus_angulatus,Tocantins,Tocantins,slow,196.6729152234299,10,0.6281,0.4353
Tripo_Toc_04,Triportheus_angulatus,Tocantins,Tocantins,slow,176.306018016625,11,0.8271,0.7786
Tripo_Toc_04,Triportheus_angulatus,Tocantins,Tocantins,slow,206.7149063241476,12,0.8415,0.1891
Tripo_Toc_05,Triportheus_angulatus,Tocantins,Tocantins,slow,207.12729430909508,1,-0.0076,0.7804
Tripo_Toc_05,Triportheus_angulatus,Tocantins,Tocantins,slow,203.81607123166756,2,0.0807,0.4498
Tripo_Toc_05,Triportheus_angulatus,Tocantins,Tocantins,slow,157.16729344746156,3,0.1167,0.6327
Tripo_Toc_05,Triportheus_angulatus,Tocantins,Tocantins,slow,186.57748667895157,4,0.2106,0.6299
Tripo_Toc_05,Triportheus_angulatus,Tocantins,Tocantins,slow,210.2287449922469,5,0.3242,0.8947
Tripo_Toc_05,Triportheus_angulatus,Tocantins,Tocantins,slow,197.6681680602745,6,0.3276,0.2101
Tripo_Toc_05,Triportheus_angulatus,Tocantins,Tocantins,slow,170.30550236899967,7,0.4626,1.0103
Tripo_Toc_05,Triportheus_angulatus,Tocantins,Tocantins,slow,208.7149456066783,8,0.5778,0.0133
Tripo_Toc_05,Triportheus_angulatus,Tocantins,Tocantins,slow,189.20940585943356,9,0.7622,0.6028
Tripo_Toc_05,Triportheus_angulatus,Tocantins,Tocantins,slow,146.66983398539014,10,0.7635,0.4034
Tripo_Toc_05,Triportheus_angulatus,Tocantins,Tocantins,slow,183.81083541925665,11,1.016,0.7872
Tripo_Toc_05,Triportheus_angulatus,Tocantins,Tocantins,slow,184.6422547637087,12,1.0407,0.212
Tripo_Toc_06,Triportheus_angulatus,Tocantins,Tocantins,slow,138.521951052324,1,0.0083,0.8111
Tripo_Toc_06,Triportheus_angulatus,Tocantins,Tocantins,slow,170.89661993033752,2,0.0846,0.4349
Tripo_Toc_06,Triportheus_angulatus,Tocantins,Tocantins,slow,206.2922510189714,3,0.1313,0.623
Tripo_Toc_06,Triportheus_angulatus,Tocantins,Tocantins,slow,148.95720604527983,4,0.1994,0.629
Tripo_Toc_06,Triportheus_angulatus,Tocantins,Tocantins,slow,211.04403165399646,5,0.3033,0.9146
Tripo_Toc_06,Triportheus_angulatus,Tocantins,Tocantins,slow,175.56966462642913,6,0.2928,0.1903
Tripo_Toc_06,Triportheus_angulatus,Tocantins,Tocantins,slow,210.5516082171423,7,0.469,1.0134
Tripo_Toc_06,Triportheus_angulatus,Tocantins,Tocantins,slow,157.29990459315727,8,0.564,0.0073
Tripo_Toc_06,Triportheus_angulatus,Tocantins,Tocantins,slow,180.8183845251003,9,0.7616,0.6174
Tripo_Toc_06,Triportheus_angulatus,Tocantins,Tocantins,slow,163.9223511630026,10,0.7573,0.4142
Tripo_Toc_06,Triportheus_angulatus,Tocantins,Tocantins,slow,140.45042895064765,11,1.0446,0.789
Tripo_Toc_06,Triportheus_angulatus,Tocantins,Tocantins,slow,198.18646566734245,12,1.0264,0.1988
Tripo_Toc_07,Triportheus_angulatus,Tocantins,Tocantins,slow,199.5857451090955,1,-0.0031,0.7884
Tripo_Toc_07,Triportheus_angulatus,Tocantins,Tocantins,slow,178.09082061774188,2,0.0931,0.4481
Tripo_Toc_07,Triportheus_angulatus,Tocantins,Tocantins,slow,137.97642548846565,3,0.1342,0.6329
Tripo_Toc_07,Triportheus_angulatus,Tocantins,Tocantins,slow,175.11211389423391,4,0.1818,0.6241
Tripo_Toc_07,Triportheus_angulatus,Tocantins,Tocantins,slow,151.91761035584432,5,0.2627,0.9012
Tripo_Toc_07,Triportheus_angulatus,Tocantins,Tocantins,slow,161.02355359919437,6,0.2752,0.2102
Tripo_Toc_07,Triportheus_angulatus,Tocantins,Tocantins,slow,182.52394042835368,7,0.3949,0.9995
Tripo_Toc_07,Triportheus_angulatus,Tocantins,Tocantins,slow,189.35351529377243,8,0.4944,0.0288
Tripo_Toc_07,Triportheus_angulatus,Tocantins,Tocantins,slow,138.3735532331656,9,0.6541,0.6274
Tripo_Toc_07,Triportheus_angulatus,Tocantins,Tocantins,slow,210.5827030287074,10,0.6515,0.4059
Tripo_Toc_07,Triportheus_angulatus,Tocantins,Tocantins,slow,201.99787871876362,11,0.8911,0.7843
Tripo_Toc_07,Triportheus_angulatus,Tocantins,Tocantins,slow,166.8646909453321,12,0.8721,0.2089
Tripo_Toc_08,Triportheus_angulatus,Tocantins,Tocantins,slow,200.52625860170622,1,-0.0033,0.8027
Tripo_Toc_08,Triportheus_angulatus,Tocantins,Tocantins,slow,163.46055357912618,2,0.0839,0.4555
Tripo_Toc_08,Triportheus_angulatus,Tocantins,Tocantins,slow,202.99682306691565,3,0.1171,0.6258
Tripo_Toc_08,Triportheus_angulatus,Tocantins,Tocantins,slow,141.26931663599993,4,0.1845,0.6248
Tripo_Toc_08,Triportheus_angulatus,Tocantins,Tocantins,slow,147.22882297284906,5,0.2504,0.8993
Tripo_Toc_08,Triportheus_angulatus,Tocantins,Tocantins,slow,181.58103749130834,6,0.3053,0.2013
Tripo_Toc_08,Triportheus_angulatus,Tocantins,Tocantins,slow,152.15013060737303,7,0.4189,1.0261
Tripo_Toc_08,Triportheus_angulatus,Tocantins,Tocantins,slow,195.66604353653236,8,0.4846,0.0228
Tripo_Toc_08,Triportheus_angulatus,Tocantins,Tocantins,slow,177.9321970761838,9,0.6799,0.6011
Tripo_Toc_08,Triportheus_angulatus,Tocantins,Tocantins,slow,166.33162463886282,10,0.6647,0.4174
Tripo_Toc_08,Triportheus_angulatus,Tocantins,Tocantins,slow,156.85826006501526,11,0.8947,0.7861
Tripo_Toc_08,Triportheus_angulatus,Tocantins,Tocantins,slow,139.1511373694384,12,0.9308,0.211
Tripo_Toc_09,Triportheus_angulatus,Tocantins,Tocantins,slow,206.07894129134692,1,-0.0181,0.8054
Tripo_Toc_09,Triportheus_angulatus,Tocantins,Tocantins,slow,153.95676266654834,2,0.098,0.443
Tripo_Toc_09,Triportheus_angulatus,Tocantins,Tocantins,slow,140.65303203838494,3,0.1413,0.6242
Tripo_Toc_09,Triportheus_angulatus,Tocantins,Tocantins,slow,193.09959230714443,4,0.2048,0.6246
Tripo_Toc_09,Triportheus_angulatus,Tocantins,Tocantins,slow,168.8473489224465,5,0.3109,0.919
Tripo_Toc_09,Triportheus_angulatus,Tocantins,Tocantins,slow,164.80938682096053,6,0.3172,0.209
Tripo_Toc_09,Triportheus_angulatus,Tocantins,Tocantins,slow,195.8069300242731,7,0.4474,0.9912
Tripo_Toc_09,Triportheus_angulatus,Tocantins,Tocantins,slow,211.87589549546772,8,0.5613,0.0299
Tripo_Toc_09,Triportheus_angulatus,Tocantins,Tocantins,slow,203.92886457573724,9,0.7649,0.624
Tripo_Toc_09,Triportheus_angulatus,Tocantins,Tocantins,slow,147.08200787679914,10,0.7725,0.4148
Tripo_Toc_09,Triportheus_angulatus,Tocantins,Tocantins,slow,178.06555050633523,11,1.0301,0.7921
Tripo_Toc_09,Triportheus_angulatus,Tocantins,Tocantins,slow,172.72440335641926,12,1.0031,0.2056
Tripo_Toc_10,Triportheus_angulatus,Tocantins,Tocantins,slow,175.22654052678274,1,0.0037,0.7716
Tripo_Toc_10,Triportheus_angulatus,Tocantins,Tocantins,slow,139.78597512199647,2,0.0995,0.4335
Tripo_Toc_10,Triportheus_angulatus,Tocantins,Tocantins,slow,212.15381022004055,3,0.1221,0.6339
Tripo_Toc_10,Triportheus_angulatus,Tocantins,Tocantins,slow,163.0887400582482,4,0.2024,0.6119
Tripo_Toc_10,Triportheus_angulatus,Tocantins,Tocantins,slow,212.07355771641295,5,0.34,0.9031
Tripo_Toc_10,Triportheus_angulatus,Tocantins,Tocantins,slow,191.80656555881984,6,0.2957,0.2149
Tripo_Toc_10,Triportheus_angulatus,Tocantins,Tocantins,slow,161.42062038315768,7,0.4487,1.0224
Tripo_Toc_10,Triportheus_angulatus,Tocantins,Tocantins,slow,210.23524790367534,8,0.5676,0.0171
Tripo_Toc_10,Triportheus_angulatus,Tocantins,Tocantins,slow,176.03368010891393,9,0.7751,0.6269
Tripo_Toc_10,Triportheus_angulatus,Tocantins,Tocantins,slow,174.3518883626865,10,0.766,0.4187
Tripo_Toc_10,Triportheus_angulatus,Tocantins,Tocantins,slow,170.76288163710637,11,1.0544,0.7805
Tripo_Toc_10,Triportheus_angulatus,Tocantins,Tocantins,slow,190.20874196147304,12,1.0271,0.2099
Tripo_Toc_11,Triportheus_angulatus,Tocantins,Tocantins,slow,194.6206048352168,1,0.0084,0.8057
Tripo_Toc_11,Triportheus_angulatus,Tocantins,Tocantins,slow,138.78204791929397,2,0.0606,0.4388
Tripo_Toc_11,Triportheus_angulatus,Tocantins,Tocantins,slow,211.85556835450592,3,0.122,0.6174
Tripo_Toc_11,Triportheus_angulatus,Tocantins,Tocantins,slow,138.89211947223663,4,0.1819,0.6302
Tripo_Toc_11,Triportheus_angulatus,Tocantins,Tocantins,slow,182.5697463230512,5,0.2727,0.9199
Tripo_Toc_11,Triportheus_angulatus,Tocantins,Tocantins,slow,179.103124924233,6,0.2541,0.2053
Tripo_Toc_11,Triportheus_angulatus,Tocantins,Tocantins,slow,211.04390980591916,7,0.3977,1.0046
Tripo_Toc_11,Triportheus_angulatus,Tocantins,Tocantins,slow,171.7404420226342,8,0.5,0.0396
Tripo_Toc_11,Triportheus_angulatus,Tocantins,Tocantins,slow,171.07247963786833,9,0.6748,0.621
Tripo_Toc_11,Triportheus_angulatus,Tocantins,Tocantins,slow,208.6975030261492,10,0.6391,0.397
Tripo_Toc_11,Triportheus_angulatus,Tocantins,Tocantins,slow,145.0305539042844,11,0.8739,0.7794
Tripo_Toc_11,Triportheus_angulatus,Tocantins,Tocantins,slow,164.323250334023,12,0.8999,0.2217
Tripo_Toc_12,Triportheus_angulatus,Tocantins,Tocantins,slow,172.88028153128494,1,0.006,0.8277
Tripo_Toc_12,Triportheus_angulatus,Tocantins,Tocantins,slow,145.2463301509,2,0.1114,0.4546
Tripo_Toc_12,Triportheus_angulatus,Tocantins,Tocantins,slow,197.35216312702588,3,0.1311,0.625
Tripo_Toc_12,Triportheus_angulatus,Tocantins,Tocantins,slow,195.1624365965909,4,0.1981,0.637
Tripo_Toc_12,Triportheus_angulatus,Tocantins,Tocantins,slow,181.00545222226532,5,0.2757,0.9127
Tripo_Toc_12,Triportheus_angulatus,Tocantins,Tocantins,slow,158.89248772266666,6,0.2968,0.2186
Tripo_Toc_12,Triportheus_angulatus,Tocantins,Tocantins,slow,202.66919863685385,7,0.4232,1.0121
Tripo_Toc_12,Triportheus_angulatus,Tocantins,Tocantins,slow,145.86737206017014,8,0.503,0.0303
Tripo_Toc_12,Triportheus_angulatus,Tocantins,Tocantins,slow,156.3334627764712,9,0.7147,0.6122
Tripo_Toc_12,Triportheus_angulatus,Tocantins,Tocantins,slow,157.87706854739452,10,0.7082,0.4292
Tripo_Toc_12,Triportheus_angulatus,Tocantins,Tocantins,slow,184.77887641311796,11,0.9577,0.8104
Tripo_Toc_12,Triportheus_angulatus,Tocantins,Tocantins,slow,176.03916931534752,12,0.9286,0.2116
Tripo_Neg_01,Triportheus_angulatus,Negro,Negro,slow,178.71291847279952,1,-0.0004,0.792
Tripo_Neg_01,Triportheus_angulatus,Negro,Negro,slow,172.07494670139613,2,0.0926,0.4528
Tripo_Neg_01,Triportheus_angulatus,Negro,Negro,slow,191.3183627086624,3,0.1282,0.6523
Tripo_Neg_01,Triportheus_angulatus,Negro,Negro,slow,186.51256580174217,4,0.1901,0.6183
Tripo_Neg_01,Triportheus_angulatus,Negro,Negro,slow,209.19232798970415,5,0.282,0.9173
Tripo_Neg_01,Triportheus_angulatus,Negro,Negro,slow,163.19329630900057,6,0.296,0.2306
Tripo_Neg_01,Triportheus_angulatus,Negro,Negro,slow,160.7358530141787,7,0.4177,1.0215
Tripo_Neg_01,Triportheus_angulatus,Negro,Negro,slow,137.7532084289756,8,0.5378,0.032
Tripo_Neg_01,Triportheus_angulatus,Negro,Negro,slow,160.69800027723602,9,0.6889,0.6335
Tripo_Neg_01,Triportheus_angulatus,Negro,Negro,slow,142.1491159433744,10,0.7016,0.4558
Tripo_Neg_01,Triportheus_angulatus,Negro,Negro,slow,151.71917562720185,11,0.942,0.7767
Tripo_Neg_01,Triportheus_angulatus,Negro,Negro,slow,157.5551203566402,12,0.917,0.2004
Tripo_Neg_02,Triportheus_angulatus,Negro,Negro,slow,205.2610932221884,1,-0.0038,0.7947
Tripo_Neg_02,Triportheus_angulatus,Negro,Negro,slow,176.47789035103875,2,0.0997,0.4508
Tripo_Neg_02,Triportheus_angulatus,Negro,Negro,slow,170.92115467145615,3,0.1542,0.6268
Tripo_Neg_02,Triportheus_angulatus,Negro,Negro,slow,188.85719214730278,4,0.2139,0.6345
Tripo_Neg_02,Triportheus_angulatus,Negro,Negro,slow,199.20244596229435,5,0.3087,0.9334
Tripo_Neg_02,Triportheus_angulatus,Negro,Negro,slow,144.45448975434596,6,0.3115,0.1984
Tripo_Neg_02,Triportheus_angulatus,Negro,Negro,slow,184.12394278320227,7,0.4772,1.0365
Tripo_Neg_02,Triportheus_angulatus,Negro,Negro,slow,205.87287176176358,8,0.5581,0.0477
Tripo_Neg_02,Triportheus_angulatus,Negro,Negro,slow,199.4339478077806,9,0.7536,0.6274
Tripo_Neg_02,Triportheus_angulatus,Negro,Negro,slow,160.66502727674379,10,0.7441,0.4343
Tripo_Neg_02,Triportheus_angulatus,Negro,Negro,slow,175.692340744555,11,1.012,0.7932
Tripo_Neg_02,Triportheus_angulatus,Negro,Negro,slow,155.51436306162788,12,1.0158,0.205
Tripo_Neg_03,Triportheus_angulatus,Negro,Negro,slow,142.4959811240023,1,-0.0078,0.8029
Tripo_Neg_03,Triportheus_angulatus,Negro,Negro,slow,151.8926529211308,2,0.1165,0.4631
Tripo_Neg_03,Triportheus_angulatus,Negro,Negro,slow,173.17826008976994,3,0.1276,0.6458
Tripo_Neg_03,Triportheus_angulatus,Negro,Negro,slow,172.2328019119901,4,0.1946,0.6353
Tripo_Neg_03,Triportheus_angulatus,Negro,Negro,slow,206.61096872485734,5,0.2735,0.9068
Tripo_Neg_03,Triportheus_angulatus,Negro,Negro,slow,141.09452148898956,6,0.2874,0.2018
Tripo_Neg_03,Triportheus_angulatus,Negro,Negro,slow,180.0662435956432,7,0.449,1.0152
Tripo_Neg_03,Triportheus_angulatus,Negro,Negro,slow,184.1807953972105,8,0.501,0.0283
Tripo_Neg_03,Triportheus_angulatus,Negro,Negro,slow,163.67126964773604,9,0.7349,0.6258
Tripo_Neg_03,Triportheus_angulatus,Negro,Negro,slow,155.22412887126,10,0.7547,0.4295
Tripo_Neg_03,Triportheus_angulatus,Negro,Negro,slow,160.23841855936453,11,0.9705,0.7975
Tripo_Neg_03,Triportheus_angulatus,Negro,Negro,slow,165.19825092100518,12,0.9943,0.2029
Tripo_Neg_04,Triportheus_angulatus,Negro,Negro,slow,171.95438966034567,1,0.0099,0.801
Tripo_Neg_04,Triportheus_angulatus,Negro,Negro,slow,168.55884167629006,2,0.0916,0.436
Tripo_Neg_04,Triportheus_angulatus,Negro,Negro,slow,178.81110728780217,3,0.1404,0.6265
Tripo_Neg_04,Triportheus_angulatus,Negro,Negro,slow,158.2400696555216,4,0.1815,0.6441
Tripo_Neg_04,Triportheus_angulatus,Negro,Negro,slow,198.2523548554869,5,0.291,0.9187
Tripo_Neg_04,Triportheus_angulatus,Negro,Negro,slow,168.70524142936114,6,0.2897,0.197
Tripo_Neg_04,Triportheus_angulatus,Negro,Negro,slow,185.8056466515454,7,0.4256,1.0107
Tripo_Neg_04,Triportheus_angulatus,Negro,Negro,slow,153.5918045452439,8,0.5068,0.0119
Tripo_Neg_04,Triportheus_angulatus,Negro,Negro,slow,177.65719687467126,9,0.6886,0.6207
Tripo_Neg_04,Triportheus_angulatus,Negro,Negro,slow,206.4641743558033,10,0.6904,0.3916
Tripo_Neg_04,Triportheus_angulatus,Negro,Negro,slow,154.8163611173341,11,0.9114,0.8044
Tripo_Neg_04,Triportheus_angulatus,Negro,Negro,slow,190.26299100941685,12,0.9332,0.2139
Tripo_Neg_05,Triportheus_angulatus,Negro,Negro,slow,160.7292060247191,1,-0.0155,0.8003
Tripo_Neg_05,Triportheus_angulatus,Negro,Negro,slow,145.81920583172393,2,0.0862,0.451
Tripo_Neg_05,Triportheus_angulatus,Negro,Negro,slow,147.88144262736907,3,0.1073,0.6223
Tripo_Neg_05,Triportheus_angulatus,Negro,Negro,slow,195.21826288272962,4,0.162,0.6528
Tripo_Neg_05,Triportheus_angulatus,Negro,Negro,slow,168.81202053715572,5,0.2622,0.9058
Tripo_Neg_05,Triportheus_angulatus,Negro,Negro,slow,188.75079308246717,6,0.2499,0.2104
Tripo_Neg_05,Triportheus_angulatus,Negro,Negro,slow,138.81535234430908,7,0.4073,1.0123
Tripo_Neg_05,Triportheus_angulatus,Negro,Negro,slow,211.02932848514754,8,0.4781,0.018
Tripo_Neg_05,Triportheus_angulatus,Negro,Negro,slow,159.38817805120016,9,0.6365,0.6179
Tripo_Neg_05,Triportheus_angulatus,Negro,Negro,slow,189.09495432603833,10,0.6475,0.4089
Tripo_Neg_05,Triportheus_angulatus,Negro,Negro,slow,212.4614459118938,11,0.854,0.7767
Tripo_Neg_05,Triportheus_angulatus,Negro,Negro,slow,155.6566630157642,12,0.8437,0.2119
Tripo_Neg_06,Triportheus_angulatus,Negro,Negro,slow,172.52726252239853,1,0.0034,0.8039
Tripo_Neg_06,Triportheus_angulatus,Negro,Negro,slow,176.9460853101299,2,0.0968,0.4422
Tripo_Neg_06,Triportheus_angulatus,Negro,Negro,slow,163.70029787407245,3,0.1159,0.6444
Tripo_Neg_06,Triportheus_angulatus,Negro,Negro,slow,193.39584496922322,4,0.1505,0.6321
Tripo_Neg_06,Triportheus_angulatus,Negro,Negro,slow,188.89588428608977,5,0.2769,0.9205
Tripo_Neg_06,Triportheus_angulatus,Negro,Negro,slow,177.7469510078542,6,0.2742,0.2273
Tripo_Neg_06,Triportheus_angulatus,Negro,Negro,slow,199.3252227513113,7,0.4278,1.032
Tripo_Neg_06,Triportheus_angulatus,Negro,Negro,slow,169.10216117148184,8,0.4935,0.0249
Tripo_Neg_06,Triportheus_angulatus,Negro,Negro,slow,188.1022768270351,9,0.6985,0.6098
Tripo_Neg_06,Triportheus_angulatus,Negro,Negro,slow,180.70576184014902,10,0.7293,0.4156
Tripo_Neg_06,Triportheus_angulatus,Negro,Negro,slow,176.97853760544285,11,0.9444,0.7878
Tripo_Neg_06,Triportheus_angulatus,Negro,Negro,slow,186.8124117006272,12,0.9424,0.2279
Tripo_Neg_07,Triportheus_angulatus,Negro,Negro,slow,188.62033989106195,1,0.0014,0.7951
Tripo_Neg_07,Triportheus_angulatus,Negro,Negro,slow,180.8743008931088,2,0.1101,0.4474
Tripo_Neg_07,Triportheus_angulatus,Negro,Negro,slow,151.25222556181853,3,0.1378,0.6329
Tripo_Neg_07,Triportheus_angulatus,Negro,Negro,slow,156.24102777530592,4,0.1975,0.639
Tripo_Neg_07,Triportheus_angulatus,Negro,Negro,slow,198.04377696766988,5,0.3024,0.8995
Tripo_Neg_07,Triportheus_angulatus,Negro,Negro,slow,173.6567244379034,6,0.307,0.2164
Tripo_Neg_07,Triportheus_angulatus,Negro,Negro,slow,149.73469962177379,7,0.4249,1.0142
Tripo_Neg_07,Triportheus_angulatus,Negro,Negro,slow,140.39802583748784,8,0.5417,0.0351
Tripo_Neg_07,Triportheus_angulatus,Negro,Negro,slow,168.27054617223092,9,0.7376,0.6065
Tripo_Neg_07,Triportheus_angulatus,Negro,Negro,slow,180.77269686224568,10,0.7533,0.3959
Tripo_Neg_07,Triportheus_angulatus,Negro,Negro,slow,201.085360473388,11,0.9833,0.7769
Tripo_Neg_07,Triportheus_angulatus,Negro,Negro,slow,167.4661141060616,12,1.0023,0.2112
Tripo_Neg_08,Triportheus_angulatus,Negro,Negro,slow,182.3016398265218,1,0.0025,0.8114
Tripo_Neg_08,Triportheus_angulatus,Negro,Negro,slow,201.59594438609207,2,0.0874,0.4531
Tripo_Neg_08,Triportheus_angulatus,Negro,Negro,slow,159.18727358266716,3,0.1191,0.624
Tripo_Neg_08,Triportheus_angulatus,Negro,Negro,slow,186.47771576808822,4,0.1712,0.6412
Tripo_Neg_08,Triportheus_angulatus,Negro,Negro,slow,141.00067825831738,5,0.2578,0.9307
Tripo_Neg_08,Triportheus_angulatus,Negro,Negro,slow,146.88687879229985,6,0.2758,0.2322
Tripo_Neg_08,Triportheus_angulatus,Negro,Negro,slow,201.96608531930636,7,0.3864,1.0138
Tripo_Neg_08,Triportheus_angulatus,Negro,Negro,slow,175.65499743521167,8,0.4845,0.0553
Tripo_Neg_08,Triportheus_angulatus,Negro,Negro,slow,169.51174400761843,9,0.6701,0.6167
Tripo_Neg_08,Triportheus_angulatus,Negro,Negro,slow,191.868978598844,10,0.6552,0.4029
Tripo_Neg_08,Triportheus_angulatus,Negro,Negro,slow,157.06905854692104,11,0.905,0.7842
Tripo_Neg_08,Triportheus_angulatus,Negro,Negro,slow,209.54269030870108,12,0.9084,0.2016
Tripo_Neg_09,Triportheus_angulatus,Negro,Negro,slow,200.7542223343694,1,-0.0075,0.8143
Tripo_Neg_09,Triportheus_angulatus,Negro,Negro,slow,208.97991843074033,2,0.0883,0.4286
Tripo_Neg_09,Triportheus_angulatus,Negro,Negro,slow,145.74536261736932,3,0.1026,0.6329
Tripo_Neg_09,Triportheus_angulatus,Negro,Negro,slow,144.35636727337908,4,0.1745,0.6131
Tripo_Neg_09,Triportheus_angulatus,Negro,Negro,slow,202.84503390872976,5,0.2708,0.9086
Tripo_Neg_09,Triportheus_angulatus,Negro,Negro,slow,167.14193284419076,6,0.2828,0.2017
Tripo_Neg_09,Triportheus_angulatus,Negro,Negro,slow,142.2915972464164,7,0.4033,1.0212
Tripo_Neg_09,Triportheus_angulatus,Negro,Negro,slow,163.14115170241834,8,0.4941,0.0442
Tripo_Neg_09,Triportheus_angulatus,Negro,Negro,slow,164.00784797253638,9,0.6829,0.6339
Tripo_Neg_09,Triportheus_angulatus,Negro,Negro,slow,161.46938603497134,10,0.6735,0.4141
Tripo_Neg_09,Triportheus_angulatus,Negro,Negro,slow,162.0659274413737,11,0.9019,0.7747
Tripo_Neg_09,Triportheus_angulatus,Negro,Negro,slow,163.40376765680435,12,0.8867,0.2223
Tripo_Neg_10,Triportheus_angulatus,Negro,Negro,slow,144.7805281074709,1,0.0073,0.7927
Tripo_Neg_10,Triportheus_angulatus,Negro,Negro,slow,210.69340744849228,2,0.1159,0.4445
Tripo_Neg_10,Triportheus_angulatus,Negro,Negro,slow,166.36046167399712,3,0.1442,0.6156
Tripo_Neg_10,Triportheus_angulatus,Negro,Negro,slow,159.7697484706367,4,0.1885,0.6248
Tripo_Neg_10,Triportheus_angulatus,Negro,Negro,slow,185.16937309128315,5,0.3281,0.8951
Tripo_Neg_10,Triportheus_angulatus,Negro,Negro,slow,189.09876577543426,6,0.2902,0.1978
Tripo_Neg_10,Triportheus_angulatus,Negro,Negro,slow,158.61893328636378,7,0.4639,1.0173
Tripo_Neg_10,Triportheus_angulatus,Negro,Negro,slow,185.6462852257728,8,0.5672,0.03
Tripo_Neg_10,Triportheus_angulatus,Negro,Negro,slow,148.57900857050782,9,0.7653,0.6209
Tripo_Neg_10,Triportheus_angulatus,Negro,Negro,slow,211.79813653106754,10,0.7635,0.4131
Tripo_Neg_10,Triportheus_angulatus,Negro,Negro,slow,179.8097872111704,11,0.9941,0.7742
Tripo_Neg_10,Triportheus_angulatus,Negro,Negro,slow,193.63117495599735,12,1.0128,0.2126
Tripo_Neg_11,Triportheus_angulatus,Negro,Negro,slow,152.34701743076135,1,-0.0054,0.7931
Tripo_Neg_11,Triportheus_angulatus,Negro,Negro,slow,179.67698820086486,2,0.0906,0.4258
Tripo_Neg_11,Triportheus_angulatus,Negro,Negro,slow,154.7136848371156,3,0.1249,0.6409
Tripo_Neg_11,Triportheus_angulatus,Negro,Negro,slow,160.15580647442246,4,0.1964,0.6408
Tripo_Neg_11,Triportheus_angulatus,Negro,Negro,slow,197.69148529458005,5,0.2716,0.9165
Tripo_Neg_11,Triportheus_angulatus,Negro,Negro,slow,145.55858454362178,6,0.2876,0.2081
Tripo_Neg_11,Triportheus_angulatus,Negro,Negro,slow,169.7134730084254,7,0.4251,1.012
Tripo_Neg_11,Triportheus_angulatus,Negro,Negro,slow,143.39984833597353,8,0.5156,0.019
Tripo_Neg_11,Triportheus_angulatus,Negro,Negro,slow,181.79340291603853,9,0.6782,0.617
Tripo_Neg_11,Triportheus_angulatus,Negro,Negro,slow,185.84586821237366,10,0.6925,0.4375
Tripo_Neg_11,Triportheus_angulatus,Negro,Negro,slow,185.34994850452773,11,0.9275,0.7849
Tripo_Neg_11,Triportheus_angulatus,Negro,Negro,slow,183.90640470793105,12,0.9339,0.2106
Tripo_Neg_12,Triportheus_angulatus,Negro,Negro,slow,184.3514726659782,1,0.016,0.7995
Tripo_Neg_12,Triportheus_angulatus,Negro,Negro,slow,154.52394457030093,2,0.1021,0.4483
Tripo_Neg_12,Triportheus_angulatus,Negro,Negro,slow,162.70613525642133,3,0.1126,0.6409
Tripo_Neg_12,Triportheus_angulatus,Negro,Negro,slow,161.10169675306335,4,0.1654,0.6258
Tripo_Neg_12,Triportheus_angulatus,Negro,Negro,slow,164.123014777209,5,0.2795,0.9093
Tripo_Neg_12,Triportheus_angulatus,Negro,Negro,slow,202.92883715413262,6,0.2632,0.2204
Tripo_Neg_12,Triportheus_angulatus,Negro,Negro,slow,191.12757206379018,7,0.3987,1.0098
Tripo_Neg_12,Triportheus_angulatus,Negro,Negro,slow,190.5269320501678,8,0.4935,0.022
Tripo_Neg_12,Triportheus_angulatus,Negro,Negro,slow,196.14913510061143,9,0.6653,0.6054
Tripo_Neg_12,Triportheus_angulatus,Negro,Negro,slow,188.12933254232715,10,0.674,0.4223
Tripo_Neg_12,Triportheus_angulatus,Negro,Negro,slow,154.86947699442976,11,0.8862,0.7885
Tripo_Neg_12,Triportheus_angulatus,Negro,Negro,slow,199.69255676031486,12,0.8995,0.203
